lat,lon,elv,distance
51.033262,-115.041444,1381.6,0.00453056768558952
51.033267,-115.041562,1381.6,0.00906113537117904
51.033265,-115.041594,1381.6,0.01359170305676856
51.033255,-115.041667,1381.6,0.01812227074235808
51.033251,-115.041703,1381.6,0.022652838427947602
51.033243,-115.041787,1381.6,0.027183406113537124
51.033237,-115.041825,1381.6,0.031713973799126646
51.033215,-115.041908,1381.6,0.03624454148471617
51.03321,-115.041947,1381.5,0.04077510917030569
51.033201,-115.042019,1381.5,0.04530567685589521
51.033199,-115.042067,1381.5,0.049836244541484734
51.0332,-115.042117,1381.5,0.054366812227074256
51.033186,-115.042189,1381.5,0.05889737991266378
51.033172,-115.042275,1381.5,0.06342794759825329
51.033159,-115.042338,1381.4,0.06795851528384281
51.033148,-115.042374,1381.4,0.07248908296943232
51.033145,-115.042408,1381.4,0.07701965065502184
51.033143,-115.042507,1381.4,0.08155021834061135
51.033119,-115.042584,1381.4,0.08608078602620087
51.033107,-115.042611,1381.4,0.09061135371179038
51.033071,-115.042683,1381.4,0.0951419213973799
51.033059,-115.042712,1381.4,0.09967248908296941
51.033049,-115.042749,1381.3,0.10420305676855893
51.033045,-115.042832,1381.3,0.10873362445414844
51.033032,-115.042866,1381.3,0.11326419213973796
51.033015,-115.042956,1381.3,0.11779475982532747
51.032997,-115.043015,1381.3,0.12232532751091699
51.032978,-115.043119,1381.3,0.1268558951965065
51.032976,-115.043143,1381.3,0.13138646288209602
51.032958,-115.043225,1381.3,0.13591703056768553
51.032943,-115.043277,1381.2,0.14044759825327505
51.032934,-115.043322,1381.2,0.14497816593886456
51.032932,-115.043386,1381.2,0.14950873362445408
51.032912,-115.043466,1381.2,0.1540393013100436
51.0329,-115.043499,1381.2,0.1585698689956331
51.032874,-115.043561,1381.2,0.16310043668122262
51.032859,-115.043641,1381.2,0.16763100436681214
51.032846,-115.043688,1381.2,0.17216157205240165
51.032834,-115.043735,1381.2,0.17669213973799117
51.032828,-115.043769,1381.2,0.18122270742358068
51.032816,-115.043817,1381.2,0.1857532751091702
51.032808,-115.043856,1381.2,0.1902838427947597
51.03278,-115.043933,1381.1,0.19481441048034923
51.032772,-115.043998,1381.1,0.19934497816593874
51.032761,-115.04404,1381.1,0.20387554585152826
51.032725,-115.044127,1381.0,0.20840611353711777
51.032719,-115.044152,1381.0,0.21293668122270729
51.032696,-115.044222,1381.0,0.2174672489082968
51.032671,-115.044292,1381.0,0.22199781659388632
51.032661,-115.044393,1381.0,0.22652838427947583
51.032653,-115.044435,1381.0,0.23105895196506535
51.032638,-115.044483,1381.0,0.23558951965065486
51.03263,-115.044513,1381.0,0.24012008733624438
51.032617,-115.044557,1381.0,0.2446506550218339
51.032635,-115.044623,1381.0,0.2491812227074234
51.032616,-115.04467,1381.0,0.25371179039301295
51.032594,-115.044751,1381.0,0.25824235807860246
51.032579,-115.044788,1381.0,0.262772925764192
51.032576,-115.044812,1381.0,0.2673034934497815
51.032558,-115.044898,1381.0,0.271834061135371
51.032542,-115.044975,1381.0,0.2763646288209605
51.032539,-115.045044,1381.0,0.28089519650655004
51.032534,-115.045104,1381.0,0.28542576419213955
51.032535,-115.045224,1381.1,0.28995633187772907
51.032518,-115.045279,1381.1,0.2944868995633186
51.032521,-115.045314,1381.1,0.2990174672489081
51.032502,-115.045392,1381.1,0.3035480349344976
51.0325,-115.045438,1381.1,0.3080786026200871
51.0325,-115.045538,1381.1,0.31260917030567664
51.032498,-115.045603,1381.1,0.31713973799126616
51.032504,-115.045639,1381.1,0.3216703056768557
51.032504,-115.045687,1381.1,0.3262008733624452
51.032507,-115.045717,1381.1,0.3307314410480347
51.032506,-115.045818,1381.1,0.3352620087336242
51.032507,-115.045867,1381.1,0.33979257641921373
51.032507,-115.045958,1381.2,0.34432314410480325
51.032507,-115.046045,1381.2,0.34885371179039276
51.032505,-115.046148,1381.3,0.3533842794759823
51.032515,-115.046202,1381.3,0.3579148471615718
51.032523,-115.046246,1381.3,0.3624454148471613
51.032525,-115.046292,1381.3,0.3669759825327508
51.032532,-115.046389,1381.3,0.37150655021834034
51.03254,-115.046425,1381.3,0.37603711790392985
51.032547,-115.046475,1381.3,0.38056768558951937
51.032556,-115.046526,1381.3,0.3850982532751089
51.032584,-115.046616,1381.3,0.3896288209606984
51.032595,-115.046637,1381.3,0.3941593886462879
51.032645,-115.046737,1381.3,0.3986899563318774
51.032661,-115.046755,1381.3,0.40322052401746694
51.032683,-115.04679,1381.3,0.40775109170305646
51.032698,-115.046811,1381.3,0.41228165938864597
51.03273,-115.046836,1381.2,0.4168122270742355
51.032785,-115.04688,1381.2,0.421342794759825
51.032807,-115.046895,1381.2,0.4258733624454145
51.03284,-115.046911,1381.1,0.43040393013100403
51.032898,-115.046958,1381.0,0.43493449781659355
51.032936,-115.046983,1381.0,0.43946506550218306
51.032957,-115.047003,1381.0,0.4439956331877726
51.032984,-115.047032,1381.0,0.4485262008733621
51.03304,-115.047065,1381.1,0.4530567685589516
51.033066,-115.047073,1381.1,0.4575873362445411
51.0331,-115.047113,1381.1,0.46211790393013064
51.03312,-115.047131,1381.1,0.46664847161572015
51.033154,-115.047188,1381.1,0.47117903930130967
51.03321,-115.047226,1381.1,0.4757096069868992
51.033227,-115.047247,1381.1,0.4802401746724887
51.033251,-115.047276,1381.1,0.4847707423580782
51.033304,-115.047308,1381.1,0.4893013100436677
51.033346,-115.047346,1381.1,0.49383187772925724
51.033373,-115.047358,1381.0,0.49836244541484676
51.0334,-115.047396,1381.0,0.5028930131004363
51.033421,-115.047416,1381.0,0.5074235807860259
51.033451,-115.047434,1381.0,0.5119541484716155
51.033473,-115.047454,1381.0,0.516484716157205
51.033509,-115.047496,1381.0,0.5210152838427946
51.033525,-115.047522,1381.0,0.5255458515283842
51.033555,-115.047556,1381.0,0.5300764192139737
51.033598,-115.047589,1381.0,0.5346069868995633
51.033645,-115.047645,1381.1,0.5391375545851529
51.033668,-115.047652,1381.1,0.5436681222707425
51.033708,-115.047683,1381.1,0.548198689956332
51.033725,-115.047706,1381.1,0.5527292576419216
51.033762,-115.047738,1381.2,0.5572598253275112
51.033782,-115.047754,1381.2,0.5617903930131007
51.033812,-115.047777,1381.2,0.5663209606986903
51.033842,-115.047817,1381.2,0.5708515283842799
51.033857,-115.047849,1381.3,0.5753820960698695
51.03388,-115.047901,1381.4,0.579912663755459
51.033903,-115.04793,1381.4,0.5844432314410486
51.033934,-115.047951,1381.5,0.5889737991266382
51.033976,-115.04801,1381.7,0.5935043668122277
51.033992,-115.048039,1381.8,0.5980349344978173
51.034034,-115.048086,1382.0,0.6025655021834069
51.034061,-115.048124,1382.2,0.6070960698689964
51.03407,-115.048152,1382.3,0.611626637554586
51.034081,-115.048205,1382.4,0.6161572052401756
51.034118,-115.048277,1382.7,0.6206877729257652
51.034127,-115.048315,1382.8,0.6252183406113547
51.034139,-115.048377,1383.0,0.6297489082969443
51.034143,-115.048411,1383.1,0.6342794759825339
51.034173,-115.048508,1383.4,0.6388100436681234
51.034178,-115.048548,1383.5,0.643340611353713
51.034187,-115.048599,1383.6,0.6478711790393026
51.0342,-115.048633,1383.7,0.6524017467248922
51.034218,-115.048679,1383.8,0.6569323144104817
51.034251,-115.048764,1384.0,0.6614628820960713
51.034278,-115.048798,1384.1,0.6659934497816609
51.034302,-115.048829,1384.2,0.6705240174672504
51.034337,-115.048846,1384.3,0.67505458515284
51.034357,-115.048871,1384.3,0.6795851528384296
51.034393,-115.048899,1384.4,0.6841157205240191
51.034402,-115.048907,1384.5,0.6886462882096087
51.034458,-115.048932,1384.6,0.6931768558951983
51.034498,-115.048955,1384.7,0.6977074235807879
51.034527,-115.048968,1384.7,0.7022379912663774
51.034554,-115.048989,1384.8,0.706768558951967
51.03458,-115.049007,1384.9,0.7112991266375566
51.034604,-115.049023,1385.0,0.7158296943231461
51.034671,-115.049033,1385.2,0.7203602620087357
51.034709,-115.049034,1385.3,0.7248908296943253
51.034741,-115.049038,1385.5,0.7294213973799148
51.034759,-115.049045,1385.5,0.7339519650655044
51.034804,-115.049054,1385.8,0.738482532751094
51.03486,-115.049073,1386.0,0.7430131004366836
51.034902,-115.04909,1386.2,0.7475436681222731
51.034922,-115.049097,1386.3,0.7520742358078627
51.034964,-115.049116,1386.5,0.7566048034934523
51.034998,-115.049118,1386.6,0.7611353711790418
51.035022,-115.049135,1386.7,0.7656659388646314
51.035058,-115.049168,1386.9,0.770196506550221
51.035071,-115.049193,1386.9,0.7747270742358106
51.035123,-115.049218,1387.1,0.7792576419214001
51.035176,-115.049272,1387.3,0.7837882096069897
51.035209,-115.049302,1387.4,0.7883187772925793
51.035236,-115.049333,1387.5,0.7928493449781688
51.035275,-115.04939,1387.7,0.7973799126637584
51.035285,-115.049406,1387.7,0.801910480349348
51.035316,-115.049485,1387.9,0.8064410480349375
51.035327,-115.04954,1388.0,0.8109716157205271
51.035336,-115.049578,1388.1,0.8155021834061167
51.03534,-115.049615,1388.2,0.8200327510917063
51.035358,-115.049713,1388.4,0.8245633187772958
51.035367,-115.049771,1388.6,0.8290938864628854
51.03537,-115.049811,1388.7,0.833624454148475
51.035363,-115.049876,1388.9,0.8381550218340645
51.035363,-115.049904,1389.0,0.8426855895196541
51.035358,-115.04998,1389.2,0.8472161572052437
51.035378,-115.050101,1389.6,0.8517467248908333
51.035377,-115.050142,1389.7,0.8562772925764228
51.03538,-115.050243,1389.9,0.8608078602620124
51.035381,-115.050304,1390.0,0.865338427947602
51.035387,-115.050337,1390.0,0.8698689956331915
51.035394,-115.050391,1390.1,0.8743995633187811
51.035404,-115.050442,1390.1,0.8789301310043707
51.035417,-115.050534,1390.2,0.8834606986899602
51.035436,-115.050628,1390.3,0.8879912663755498
51.03544,-115.050663,1390.3,0.8925218340611394
51.035435,-115.050719,1390.3,0.897052401746729
51.035436,-115.050749,1390.3,0.9015829694323185
51.035444,-115.050844,1390.4,0.9061135371179081
51.035455,-115.050929,1390.5,0.9106441048034977
51.035463,-115.050978,1390.6,0.9151746724890872
51.035472,-115.051021,1390.6,0.9197052401746768
51.035488,-115.051113,1390.8,0.9242358078602664
51.035502,-115.051224,1391.0,0.928766375545856
51.0355,-115.051282,1391.1,0.9332969432314455
51.03553,-115.05136,1391.2,0.9378275109170351
51.035555,-115.051457,1391.4,0.9423580786026247
51.035561,-115.051477,1391.5,0.9468886462882142
51.035568,-115.051547,1391.6,0.9514192139738038
51.035566,-115.051667,1391.8,0.9559497816593934
51.035568,-115.05171,1391.9,0.9604803493449829
51.035563,-115.051762,1391.9,0.9650109170305725
51.035559,-115.051801,1392.0,0.9695414847161621
51.035564,-115.051866,1392.0,0.9740720524017517
51.035558,-115.051904,1392.0,0.9786026200873412
51.035564,-115.051967,1392.1,0.9831331877729308
51.035575,-115.05201,1392.0,0.9876637554585204
51.035595,-115.052096,1392.0,0.9921943231441099
51.035597,-115.052136,1392.0,0.9967248908296995
51.035611,-115.052198,1392.0,1.001255458515289
51.035619,-115.052236,1392.0,1.0057860262008786
51.035628,-115.052274,1392.0,1.0103165938864682
51.035637,-115.052365,1392.1,1.0148471615720578
51.035646,-115.052446,1392.1,1.0193777292576474
51.03566,-115.052542,1392.2,1.023908296943237
51.035684,-115.052592,1392.3,1.0284388646288265
51.035706,-115.052628,1392.4,1.032969432314416
51.035759,-115.052709,1392.7,1.0375000000000056
51.035783,-115.052734,1392.9,1.0420305676855952
51.035806,-115.052769,1393.0,1.0465611353711848
51.035845,-115.052817,1393.4,1.0510917030567744
51.03588,-115.052882,1393.8,1.055622270742364
51.035898,-115.052909,1394.0,1.0601528384279535
51.035921,-115.052957,1394.3,1.064683406113543
51.035942,-115.05297,1394.5,1.0692139737991326
51.03599,-115.053013,1395.1,1.0737445414847222
51.036029,-115.053057,1395.6,1.0782751091703118
51.036048,-115.053084,1395.9,1.0828056768559013
51.036078,-115.053119,1396.4,1.087336244541491
51.036135,-115.05317,1397.3,1.0918668122270805
51.036153,-115.053194,1397.7,1.09639737991267
51.0362,-115.053245,1398.5,1.1009279475982596
51.036216,-115.053264,1398.8,1.1054585152838492
51.036249,-115.053293,1399.4,1.1099890829694388
51.036304,-115.053322,1400.2,1.1145196506550283
51.036359,-115.053355,1401.1,1.119050218340618
51.036411,-115.053398,1401.8,1.1235807860262075
51.036455,-115.053417,1402.4,1.128111353711797
51.036509,-115.05343,1403.1,1.1326419213973866
51.03657,-115.053433,1403.9,1.1371724890829762
51.036601,-115.053416,1404.4,1.1417030567685658
51.036651,-115.053412,1405.1,1.1462336244541553
51.03669,-115.053404,1405.6,1.150764192139745
51.036713,-115.0534,1406.0,1.1552947598253345
51.036748,-115.053384,1406.5,1.159825327510924
51.036758,-115.05337,1406.7,1.1643558951965136
51.036798,-115.053386,1407.3,1.1688864628821032
51.03683,-115.053411,1407.8,1.1734170305676928
51.036871,-115.053415,1408.4,1.1779475982532823
51.036894,-115.053435,1408.7,1.182478165938872
51.036934,-115.053464,1409.2,1.1870087336244615
51.036957,-115.053481,1409.4,1.191539301310051
51.036973,-115.053502,1409.6,1.1960698689956406
51.037016,-115.053509,1409.9,1.2006004366812302
51.03704,-115.053452,1410.2,1.2051310043668197
51.037051,-115.053459,1410.0,1.2096615720524093
51.037016,-115.053454,1409.7,1.2141921397379989
51.03698,-115.053619,1408.4,1.2187227074235885
51.036961,-115.053662,1408.0,1.223253275109178
51.03694,-115.053699,1407.7,1.2277838427947676
51.036894,-115.053768,1406.9,1.2323144104803572
51.036872,-115.053801,1406.6,1.2368449781659467
51.036849,-115.053848,1406.2,1.2413755458515363
51.036828,-115.053859,1405.9,1.2459061135371259
51.036799,-115.053905,1405.6,1.2504366812227155
51.03678,-115.053931,1405.4,1.254967248908305
51.036752,-115.053976,1405.2,1.2594978165938946
51.036724,-115.054017,1405.0,1.2640283842794842
51.036709,-115.054056,1405.0,1.2685589519650737
51.036691,-115.054093,1404.9,1.2730895196506633
51.036658,-115.054177,1404.9,1.2776200873362529
51.036657,-115.0542,1404.9,1.2821506550218424
51.036629,-115.054269,1405.1,1.286681222707432
51.036601,-115.054357,1405.3,1.2912117903930216
51.036585,-115.054426,1405.4,1.2957423580786112
51.036581,-115.054522,1405.6,1.3002729257642007
51.036571,-115.054582,1405.6,1.3048034934497903
51.036551,-115.054651,1405.5,1.3093340611353799
51.036524,-115.054736,1405.3,1.3138646288209694
51.036506,-115.05478,1405.1,1.318395196506559
51.036488,-115.054805,1405.0,1.3229257641921486
51.036471,-115.054843,1404.7,1.3274563318777381
51.036434,-115.054907,1404.3,1.3319868995633277
51.036381,-115.054936,1403.8,1.3365174672489173
51.036344,-115.054957,1403.4,1.3410480349345069
51.036316,-115.05497,1403.1,1.3455786026200964
51.036281,-115.054979,1402.9,1.350109170305686
51.036257,-115.054994,1402.7,1.3546397379912756
51.036206,-115.055024,1402.4,1.3591703056768651
51.036156,-115.055079,1402.1,1.3637008733624547
51.036099,-115.055131,1401.9,1.3682314410480443
51.036079,-115.055159,1401.8,1.3727620087336339
51.036045,-115.055198,1401.8,1.3772925764192234
51.036035,-115.055218,1401.8,1.381823144104813
51.035979,-115.055293,1401.8,1.3863537117904026
51.035958,-115.055315,1401.8,1.3908842794759921
51.035928,-115.055372,1401.8,1.3954148471615817
51.035887,-115.055439,1402.0,1.3999454148471713
51.035843,-115.055481,1402.1,1.4044759825327608
51.035795,-115.055534,1402.2,1.4090065502183504
51.035766,-115.055563,1402.4,1.41353711790394
51.035717,-115.055619,1402.6,1.4180676855895296
51.035669,-115.055668,1402.8,1.4225982532751191
51.035639,-115.055685,1402.9,1.4271288209607087
51.035596,-115.055751,1403.1,1.4316593886462983
51.035574,-115.055812,1403.2,1.4361899563318878
51.035563,-115.05584,1403.2,1.4407205240174774
51.035547,-115.055874,1403.2,1.445251091703067
51.035522,-115.055916,1403.2,1.4497816593886566
51.035492,-115.055967,1403.2,1.4543122270742461
51.03547,-115.056028,1403.2,1.4588427947598357
51.035441,-115.056081,1403.3,1.4633733624454253
51.03543,-115.056106,1403.3,1.4679039301310148
51.03538,-115.056162,1403.4,1.4724344978166044
51.03535,-115.056195,1403.5,1.476965065502194
51.035317,-115.056255,1403.6,1.4814956331877835
51.035292,-115.056283,1403.8,1.4860262008733731
51.035268,-115.056284,1403.9,1.4905567685589627
51.035211,-115.056333,1404.1,1.4950873362445523
51.035193,-115.056352,1404.2,1.4996179039301418
51.035146,-115.056388,1404.4,1.5041484716157314
51.035114,-115.056421,1404.4,1.508679039301321
51.035093,-115.056454,1404.4,1.5132096069869105
51.035043,-115.056493,1404.3,1.5177401746725
51.035028,-115.056519,1404.2,1.5222707423580897
51.034995,-115.056559,1404.1,1.5268013100436792
51.034956,-115.056589,1403.8,1.5313318777292688
51.034903,-115.056622,1403.4,1.5358624454148584
51.034842,-115.056656,1403.0,1.540393013100448
51.034817,-115.056659,1402.8,1.5449235807860375
51.034782,-115.056674,1402.6,1.549454148471627
51.034762,-115.056686,1402.4,1.5539847161572167
51.034728,-115.056707,1402.1,1.5585152838428062
51.034666,-115.056754,1401.6,1.5630458515283958
51.034653,-115.056782,1401.4,1.5675764192139854
51.034607,-115.056826,1400.8,1.572106986899575
51.034593,-115.056835,1400.7,1.5766375545851645
51.034538,-115.056864,1400.1,1.581168122270754
51.034499,-115.056887,1399.6,1.5856986899563437
51.034482,-115.056902,1399.3,1.5902292576419332
51.034447,-115.056933,1398.8,1.5947598253275228
51.034396,-115.056987,1397.8,1.5992903930131124
51.034369,-115.05701,1397.4,1.603820960698702
51.034329,-115.057053,1396.5,1.6083515283842915
51.034262,-115.05712,1395.2,1.612882096069881
51.03424,-115.057143,1394.8,1.6174126637554707
51.034224,-115.057177,1394.4,1.6219432314410602
51.034218,-115.057254,1393.7,1.6264737991266498
51.034231,-115.057363,1392.7,1.6310043668122394
51.034239,-115.057422,1392.2,1.635534934497829
51.034247,-115.05747,1391.8,1.6400655021834185
51.034263,-115.05752,1391.3,1.644596069869008
51.034278,-115.057567,1390.9,1.6491266375545977
51.034331,-115.057675,1390.0,1.6536572052401872
51.034349,-115.057714,1389.7,1.6581877729257768
51.034365,-115.057758,1389.4,1.6627183406113664
51.034379,-115.057799,1389.2,1.667248908296956
51.034404,-115.057862,1389.0,1.6717794759825455
51.034415,-115.057885,1388.9,1.676310043668135
51.034441,-115.05792,1388.9,1.6808406113537246
51.03446,-115.057949,1388.8,1.6853711790393142
51.034487,-115.058004,1388.9,1.6899017467249038
51.034498,-115.058072,1389.0,1.6944323144104934
51.034476,-115.058152,1389.2,1.698962882096083
51.034445,-115.058196,1389.4,1.7034934497816725
51.034412,-115.058235,1389.6,1.708024017467262
51.034363,-115.058269,1390.0,1.7125545851528516
51.034348,-115.058279,1390.1,1.7170851528384412
51.034307,-115.058289,1390.4,1.7216157205240308
51.034249,-115.058299,1390.8,1.7261462882096203
51.034213,-115.058296,1391.0,1.73067685589521
51.034146,-115.058307,1391.4,1.7352074235807995
51.034126,-115.058311,1391.5,1.739737991266389
51.034101,-115.058308,1391.7,1.7442685589519786
51.034043,-115.058302,1391.8,1.7487991266375682
51.034008,-115.058315,1391.9,1.7533296943231578
51.03399,-115.058333,1391.9,1.7578602620087473
51.033963,-115.058364,1391.9,1.762390829694337
51.033916,-115.058411,1391.9,1.7669213973799265
51.033864,-115.058464,1391.7,1.771451965065516
51.033841,-115.058492,1391.7,1.7759825327511056
51.033834,-115.058517,1391.6,1.7805131004366952
51.033834,-115.05861,1391.5,1.7850436681222848
51.033837,-115.058714,1391.5,1.7895742358078743
51.033846,-115.058783,1391.6,1.794104803493464
51.033862,-115.058871,1391.7,1.7986353711790535
51.033863,-115.058922,1391.7,1.803165938864643
51.033868,-115.059043,1391.9,1.8076965065502326
51.033868,-115.059082,1391.9,1.8122270742358222
51.033871,-115.059133,1392.0,1.8167576419214118
51.033867,-115.059222,1392.2,1.8212882096070013
51.033863,-115.059256,1392.3,1.825818777292591
51.033848,-115.059357,1392.5,1.8303493449781805
51.03384,-115.059384,1392.6,1.83487991266377
51.033821,-115.059411,1392.6,1.8394104803493596
51.033791,-115.05949,1392.8,1.8439410480349492
51.033757,-115.059564,1393.0,1.8484716157205388
51.033713,-115.059612,1393.2,1.8530021834061283
51.033699,-115.059648,1393.3,1.857532751091718
51.033669,-115.059707,1393.5,1.8620633187773075
51.033651,-115.05974,1393.6,1.866593886462897
51.033619,-115.05981,1393.8,1.8711244541484866
51.033611,-115.059849,1393.9,1.8756550218340762
51.033599,-115.059896,1394.0,1.8801855895196657
51.033558,-115.059978,1394.5,1.8847161572052553
51.033546,-115.060019,1394.6,1.8892467248908449
51.033521,-115.060087,1395.0,1.8937772925764345
51.033493,-115.06017,1395.4,1.898307860262024
51.03348,-115.060204,1395.5,1.9028384279476136
51.033467,-115.060267,1395.6,1.9073689956332032
51.033475,-115.060348,1395.7,1.9118995633187927
51.033478,-115.06043,1395.5,1.9164301310043823
51.033479,-115.06046,1395.4,1.9209606986899719
51.033479,-115.060569,1394.8,1.9254912663755614
51.033475,-115.060643,1394.2,1.930021834061151
51.033465,-115.060708,1393.7,1.9345524017467406
51.033442,-115.060794,1393.1,1.9390829694323302
51.033437,-115.060821,1392.9,1.9436135371179197
51.033412,-115.06088,1392.6,1.9481441048035093
51.033381,-115.060957,1392.3,1.9526746724890989
51.033354,-115.06104,1392.2,1.9572052401746884
51.033348,-115.061066,1392.2,1.961735807860278
51.033312,-115.061157,1392.4,1.9662663755458676
51.033285,-115.061204,1392.6,1.9707969432314572
51.033277,-115.061225,1392.7,1.9753275109170467
51.033257,-115.061273,1392.9,1.9798580786026363
51.033222,-115.061346,1393.4,1.9843886462882259
51.033204,-115.061379,1393.6,1.9889192139738154
51.033193,-115.061426,1393.9,1.993449781659405
51.03318,-115.06148,1394.2,1.9979803493449946
51.033158,-115.061538,1394.5,2.002510917030584
51.033136,-115.061588,1394.8,2.0070414847161735
51.033124,-115.061615,1394.9,2.011572052401763
51.033113,-115.061679,1395.1,2.0161026200873526
51.033104,-115.061719,1395.2,2.020633187772942
51.033099,-115.061771,1395.4,2.025163755458532
51.033096,-115.061796,1395.4,2.0296943231441213
51.033067,-115.061882,1395.6,2.034224890829711
51.033041,-115.061977,1395.8,2.0387554585153005
51.033027,-115.062008,1395.8,2.04328602620089
51.03302,-115.062052,1395.8,2.0478165938864796
51.03301,-115.062081,1395.9,2.052347161572069
51.032985,-115.062154,1395.9,2.0568777292576588
51.032966,-115.062194,1395.9,2.0614082969432483
51.032953,-115.06224,1395.9,2.065938864628838
51.032944,-115.062275,1395.9,2.0704694323144275
51.032928,-115.062355,1396.0,2.075000000000017
51.032909,-115.06244,1396.0,2.0795305676856066
51.032885,-115.062487,1396.1,2.084061135371196
51.032864,-115.062539,1396.1,2.0885917030567858
51.032855,-115.062571,1396.2,2.0931222707423753
51.032847,-115.062619,1396.2,2.097652838427965
51.032829,-115.062691,1396.3,2.1021834061135545
51.032823,-115.062712,1396.3,2.106713973799144
51.032796,-115.06281,1396.2,2.1112445414847336
51.032785,-115.062841,1396.1,2.115775109170323
51.032754,-115.062901,1396.0,2.1203056768559128
51.032725,-115.062995,1395.7,2.1248362445415023
51.032709,-115.063031,1395.5,2.129366812227092
51.032688,-115.063089,1395.3,2.1338973799126815
51.032669,-115.063141,1395.0,2.138427947598271
51.032657,-115.063159,1394.9,2.1429585152838606
51.032627,-115.063238,1394.6,2.14748908296945
51.032612,-115.063281,1394.5,2.1520196506550398
51.032602,-115.063311,1394.4,2.1565502183406293
51.032569,-115.063403,1394.1,2.161080786026219
51.032554,-115.063441,1394.0,2.1656113537118085
51.03253,-115.063523,1393.8,2.170141921397398
51.032516,-115.063561,1393.7,2.1746724890829876
51.032482,-115.063637,1393.5,2.179203056768577
51.032472,-115.063666,1393.4,2.1837336244541667
51.032444,-115.063746,1393.1,2.1882641921397563
51.032438,-115.063795,1392.9,2.192794759825346
51.032424,-115.063837,1392.8,2.1973253275109355
51.032412,-115.063875,1392.6,2.201855895196525
51.032383,-115.06395,1392.1,2.2063864628821146
51.032361,-115.063997,1391.8,2.210917030567704
51.032348,-115.064032,1391.6,2.2154475982532937
51.032333,-115.064079,1391.2,2.2199781659388833
51.032313,-115.064155,1390.6,2.224508733624473
51.032283,-115.064248,1390.3,2.2290393013100624
51.032268,-115.064307,1390.3,2.233569868995652
51.032263,-115.064341,1390.2,2.2381004366812416
51.032235,-115.064428,1390.1,2.242631004366831
51.032211,-115.064469,1390.1,2.2471615720524207
51.03219,-115.06451,1390.0,2.2516921397380103
51.032183,-115.064537,1390.0,2.2562227074236
51.032159,-115.064614,1389.9,2.2607532751091894
51.032147,-115.064654,1389.8,2.265283842794779
51.03215,-115.064712,1389.8,2.2698144104803686
51.032108,-115.064787,1389.7,2.274344978165958
51.032093,-115.064827,1389.6,2.2788755458515477
51.03206,-115.064893,1389.5,2.2834061135371373
51.032041,-115.06497,1389.5,2.287936681222727
51.032023,-115.065055,1389.5,2.2924672489083164
51.032014,-115.065096,1389.5,2.296997816593906
51.031983,-115.065188,1389.3,2.3015283842794956
51.031975,-115.065209,1389.3,2.306058951965085
51.031941,-115.065273,1389.2,2.3105895196506747
51.031917,-115.065368,1389.1,2.3151200873362643
51.031898,-115.065427,1389.0,2.319650655021854
51.031878,-115.065498,1388.9,2.3241812227074434
51.031833,-115.065583,1388.8,2.328711790393033
51.031824,-115.065616,1388.8,2.3332423580786226
51.031807,-115.065661,1388.7,2.337772925764212
51.031797,-115.065724,1388.6,2.3423034934498017
51.03177,-115.065785,1388.5,2.3468340611353913
51.031737,-115.065855,1388.4,2.351364628820981
51.03172,-115.065902,1388.4,2.3558951965065704
51.031709,-115.065944,1388.4,2.36042576419216
51.031689,-115.065987,1388.4,2.3649563318777496
51.031674,-115.066011,1388.4,2.369486899563339
51.031653,-115.066052,1388.3,2.3740174672489287
51.03163,-115.066121,1388.3,2.3785480349345183
51.031612,-115.066209,1388.4,2.383078602620108
51.031625,-115.066255,1388.5,2.3876091703056974
51.031634,-115.066292,1388.5,2.392139737991287
51.031651,-115.066339,1388.6,2.3966703056768766
51.031679,-115.066415,1388.8,2.401200873362466
51.031691,-115.066458,1388.9,2.4057314410480557
51.031715,-115.066531,1389.1,2.4102620087336453
51.031725,-115.066549,1389.2,2.414792576419235
51.031747,-115.066605,1389.3,2.4193231441048244
51.031774,-115.066673,1389.4,2.423853711790414
51.031811,-115.06675,1389.4,2.4283842794760035
51.031816,-115.066809,1389.2,2.432914847161593
51.031829,-115.066874,1388.8,2.4374454148471827
51.031834,-115.066894,1388.7,2.4419759825327723
51.031841,-115.066943,1388.3,2.446506550218362
51.031809,-115.066975,1387.8,2.4510371179039514
51.03177,-115.06702,1387.1,2.455567685589541
51.031738,-115.067062,1386.7,2.4600982532751305
51.031735,-115.067067,1386.6,2.46462882096072
51.031667,-115.067136,1386.1,2.4691593886463097
51.031646,-115.06717,1386.1,2.4736899563318993
51.03162,-115.067182,1386.1,2.478220524017489
51.031611,-115.067228,1386.2,2.4827510917030784
51.031636,-115.06727,1386.4,2.487281659388668
51.031668,-115.067375,1386.9,2.4918122270742575
51.031681,-115.067411,1387.1,2.496342794759847
51.031678,-115.067453,1387.3,2.5008733624454367
51.031702,-115.067525,1387.6,2.5054039301310262
51.031705,-115.067534,1387.6,2.509934497816616
51.031699,-115.067487,1387.8,2.5144650655022054
51.031652,-115.067562,1387.8,2.518995633187795
51.031605,-115.067643,1387.3,2.5235262008733845
51.031601,-115.067666,1387.1,2.528056768558974
51.031566,-115.067705,1386.5,2.5325873362445637
51.031552,-115.067711,1386.2,2.5371179039301532
51.031547,-115.067701,1386.1,2.541648471615743
51.031524,-115.067711,1385.7,2.5461790393013324
51.031511,-115.067715,1385.4,2.550709606986922
51.03147,-115.067713,1384.8,2.5552401746725115
51.031464,-115.067713,1384.7,2.559770742358101
51.031464,-115.067716,1384.7,2.5643013100436907
51.031455,-115.067716,1384.5,2.5688318777292802
51.031444,-115.067727,1384.4,2.57336244541487
51.031433,-115.067736,1384.2,2.5778930131004594
51.031419,-115.067744,1384.1,2.582423580786049
51.031407,-115.067746,1384.0,2.5869541484716385
51.031384,-115.067751,1383.8,2.591484716157228
51.031366,-115.067766,1383.7,2.5960152838428177
51.031347,-115.067775,1383.6,2.6005458515284072
51.031334,-115.067788,1383.6,2.605076419213997
51.031291,-115.067847,1383.5,2.6096069868995864
51.031274,-115.067868,1383.4,2.614137554585176
51.031263,-115.067925,1383.4,2.6186681222707655
51.031274,-115.067989,1383.4,2.623198689956355
51.031254,-115.068078,1383.4,2.6277292576419446
51.031255,-115.068112,1383.4,2.632259825327534
51.031216,-115.068186,1383.5,2.636790393013124
51.031193,-115.06824,1383.6,2.6413209606987134
51.031168,-115.0683,1383.8,2.645851528384303
51.031153,-115.068337,1383.9,2.6503820960698925
51.031133,-115.068405,1384.0,2.654912663755482
51.031122,-115.068433,1384.0,2.6594432314410716
51.03112,-115.068483,1384.1,2.663973799126661
51.031126,-115.068519,1384.1,2.668504366812251
51.031129,-115.068576,1384.1,2.6730349344978404
51.031121,-115.068603,1384.1,2.67756550218343
51.031093,-115.068681,1384.0,2.6820960698690195
51.031059,-115.068719,1384.0,2.686626637554609
51.031029,-115.068771,1383.9,2.6911572052401986
51.031008,-115.068828,1383.9,2.695687772925788
51.030973,-115.068924,1384.1,2.7002183406113778
51.030957,-115.06898,1384.2,2.7047489082969673
51.030946,-115.069017,1384.3,2.709279475982557
51.030928,-115.069083,1384.6,2.7138100436681465
51.030909,-115.06915,1385.0,2.718340611353736
51.0309,-115.069184,1385.3,2.7228711790393256
51.030879,-115.069271,1386.1,2.727401746724915
51.030868,-115.069344,1386.8,2.7319323144105048
51.030845,-115.0694,1387.4,2.7364628820960943
51.030836,-115.069426,1387.6,2.740993449781684
51.030808,-115.069456,1388.0,2.7455240174672735
51.030789,-115.069486,1388.2,2.750054585152863
51.030767,-115.069506,1388.3,2.7545851528384526
51.030744,-115.069526,1388.4,2.759115720524042
51.030716,-115.06956,1388.5,2.7636462882096318
51.030667,-115.069587,1388.5,2.7681768558952213
51.03061,-115.069652,1388.4,2.772707423580811
51.030575,-115.069669,1388.3,2.7772379912664005
51.030549,-115.069684,1388.3,2.78176855895199
51.030509,-115.069711,1388.2,2.7862991266375796
51.030482,-115.069737,1388.2,2.790829694323169
51.030454,-115.069771,1388.2,2.7953602620087588
51.030431,-115.069801,1388.1,2.7998908296943483
51.030411,-115.069841,1388.1,2.804421397379938
51.030384,-115.069888,1388.1,2.8089519650655275
51.030367,-115.069916,1388.1,2.813482532751117
51.030349,-115.06996,1388.1,2.8180131004367066
51.030314,-115.070047,1388.2,2.822543668122296
51.030298,-115.070141,1388.2,2.8270742358078857
51.030278,-115.070194,1388.2,2.8316048034934753
51.030265,-115.070219,1388.2,2.836135371179065
51.030252,-115.070254,1388.2,2.8406659388646545
51.03024,-115.070316,1388.1,2.845196506550244
51.030223,-115.070383,1388.1,2.8497270742358336
51.030207,-115.070479,1388.1,2.854257641921423
51.030207,-115.070515,1388.1,2.8587882096070127
51.030187,-115.07059,1388.0,2.8633187772926023
51.030176,-115.070621,1388.0,2.867849344978192
51.030154,-115.07066,1387.9,2.8723799126637815
51.030123,-115.070734,1387.8,2.876910480349371
51.030089,-115.07082,1387.7,2.8814410480349606
51.030078,-115.070878,1387.7,2.88597161572055
51.030071,-115.070906,1387.7,2.8905021834061397
51.030031,-115.070997,1387.8,2.8950327510917293
51.03,-115.071039,1387.8,2.899563318777319
51.029986,-115.071078,1387.9,2.9040938864629084
51.029962,-115.071122,1387.9,2.908624454148498
51.029951,-115.071143,1387.9,2.9131550218340876
51.029904,-115.071252,1388.0,2.917685589519677
51.029894,-115.071298,1388.1,2.9222161572052667
51.029862,-115.07138,1388.3,2.9267467248908563
51.029855,-115.071424,1388.4,2.931277292576446
51.029851,-115.071465,1388.5,2.9358078602620354
51.029829,-115.071535,1388.8,2.940338427947625
51.029796,-115.071607,1389.1,2.9448689956332146
51.029767,-115.071689,1389.5,2.949399563318804
51.029758,-115.071745,1389.7,2.9539301310043937
51.029748,-115.071783,1389.9,2.9584606986899833
51.029741,-115.071821,1390.0,2.962991266375573
51.029719,-115.071905,1390.3,2.9675218340611624
51.029709,-115.071933,1390.4,2.972052401746752
51.029687,-115.072002,1390.5,2.9765829694323416
51.02966,-115.072099,1390.6,2.981113537117931
51.029653,-115.07212,1390.6,2.9856441048035207
51.029622,-115.0722,1390.5,2.9901746724891103
51.029615,-115.072216,1390.5,2.9947052401747
51.029586,-115.072296,1390.4,2.9992358078602894
51.02957,-115.072335,1390.4,3.003766375545879
51.029539,-115.072406,1390.3,3.0082969432314686
51.029508,-115.072478,1390.1,3.012827510917058
51.029486,-115.072528,1390.0,3.0173580786026477
51.029475,-115.072562,1389.9,3.0218886462882373
51.029452,-115.07265,1389.7,3.026419213973827
51.029439,-115.0727,1389.5,3.0309497816594164
51.029417,-115.072774,1389.3,3.035480349345006
51.029394,-115.072838,1389.1,3.0400109170305956
51.029382,-115.072871,1389.0,3.044541484716185
51.029368,-115.072928,1388.8,3.0490720524017747
51.029363,-115.072964,1388.7,3.0536026200873643
51.029343,-115.073,1388.6,3.058133187772954
51.029306,-115.073056,1388.4,3.0626637554585434
51.029279,-115.073093,1388.3,3.067194323144133
51.029264,-115.073111,1388.2,3.0717248908297226
51.029225,-115.07315,1388.1,3.076255458515312
51.02919,-115.073217,1388.0,3.0807860262009017
51.029168,-115.073259,1388.0,3.0853165938864913
51.029148,-115.073304,1388.0,3.089847161572081
51.029133,-115.073349,1388.0,3.0943777292576704
51.029122,-115.073401,1388.0,3.09890829694326
51.029096,-115.073484,1388.0,3.1034388646288495
51.029086,-115.073526,1388.0,3.107969432314439
51.029075,-115.073583,1388.0,3.1125000000000287
51.029067,-115.073617,1388.0,3.1170305676856183
51.02906,-115.073697,1388.1,3.121561135371208
51.029055,-115.07377,1388.1,3.1260917030567974
51.029056,-115.073843,1388.1,3.130622270742387
51.029053,-115.073894,1388.1,3.1351528384279765
51.029045,-115.073955,1388.1,3.139683406113566
51.029043,-115.073985,1388.1,3.1442139737991557
51.029025,-115.074071,1388.2,3.1487445414847453
51.028988,-115.07416,1388.2,3.153275109170335
51.028978,-115.074178,1388.2,3.1578056768559244
51.028932,-115.074232,1388.2,3.162336244541514
51.028907,-115.074256,1388.2,3.1668668122271035
51.02885,-115.074298,1388.1,3.171397379912693
51.028811,-115.074323,1388.1,3.1759279475982827
51.028793,-115.074333,1388.0,3.1804585152838722
51.028725,-115.074367,1387.8,3.184989082969462
51.028689,-115.074398,1387.7,3.1895196506550514
51.028672,-115.074416,1387.7,3.194050218340641
51.028642,-115.074467,1387.6,3.1985807860262305
51.028619,-115.074489,1387.5,3.20311135371182
51.028594,-115.074529,1387.4,3.2076419213974097
51.028569,-115.07458,1387.4,3.2121724890829992
51.028558,-115.074607,1387.3,3.216703056768589
51.028539,-115.07466,1387.3,3.2212336244541784
51.028526,-115.074685,1387.3,3.225764192139768
51.028506,-115.074722,1387.3,3.2302947598253575
51.028475,-115.074818,1387.3,3.234825327510947
51.028464,-115.07486,1387.3,3.2393558951965367
51.028449,-115.074906,1387.3,3.2438864628821262
51.028439,-115.074957,1387.3,3.248417030567716
51.028436,-115.07498,1387.3,3.2529475982533054
51.028426,-115.075035,1387.3,3.257478165938895
51.028406,-115.075132,1387.4,3.2620087336244845
51.028393,-115.075177,1387.4,3.266539301310074
51.028374,-115.075256,1387.5,3.2710698689956637
51.028367,-115.075317,1387.6,3.2756004366812532
51.028367,-115.075345,1387.6,3.280131004366843
51.028361,-115.075424,1387.6,3.2846615720524324
51.028351,-115.075515,1387.6,3.289192139738022
51.028346,-115.075575,1387.5,3.2937227074236115
51.028341,-115.075616,1387.5,3.298253275109201
51.02834,-115.075637,1387.5,3.3027838427947906
51.02833,-115.075712,1387.4,3.30731441048038
51.028321,-115.075796,1387.3,3.31184497816597
51.028311,-115.075865,1387.2,3.3163755458515594
51.028288,-115.075935,1387.1,3.320906113537149
51.028256,-115.076013,1387.0,3.3254366812227385
51.028242,-115.076041,1386.9,3.329967248908328
51.028227,-115.076084,1386.8,3.3344978165939176
51.028216,-115.076119,1386.8,3.339028384279507
51.028185,-115.076195,1386.7,3.343558951965097
51.028154,-115.076255,1386.7,3.3480895196506864
51.028146,-115.076296,1386.6,3.352620087336276
51.028134,-115.076333,1386.6,3.3571506550218655
51.028101,-115.076413,1386.6,3.361681222707455
51.028092,-115.076447,1386.6,3.3662117903930446
51.028081,-115.076482,1386.7,3.370742358078634
51.028062,-115.076557,1386.8,3.3752729257642238
51.028035,-115.076603,1386.9,3.3798034934498133
51.028008,-115.076625,1387.0,3.384334061135403
51.027981,-115.076673,1387.3,3.3888646288209925
51.027965,-115.076698,1387.4,3.393395196506582
51.027936,-115.076742,1387.7,3.3979257641921716
51.027917,-115.076761,1387.9,3.402456331877761
51.027882,-115.076833,1388.5,3.4069868995633508
51.027865,-115.076889,1389.1,3.4115174672489403
51.027848,-115.076945,1389.7,3.41604803493453
51.027826,-115.076978,1390.2,3.4205786026201195
51.027805,-115.07701,1390.7,3.425109170305709
51.02778,-115.077077,1391.6,3.4296397379912986
51.027761,-115.077149,1392.5,3.434170305676888
51.027763,-115.077185,1392.8,3.4387008733624778
51.027758,-115.077241,1393.5,3.4432314410480673
51.027759,-115.077316,1394.3,3.447762008733657
51.02775,-115.0774,1395.2,3.4522925764192465
51.027762,-115.077462,1395.9,3.456823144104836
51.027765,-115.077512,1396.3,3.4613537117904256
51.027779,-115.077552,1396.8,3.465884279476015
51.027781,-115.077643,1397.6,3.4704148471616048
51.027782,-115.07769,1397.9,3.4749454148471943
51.027778,-115.077738,1398.3,3.479475982532784
51.027779,-115.077787,1398.6,3.4840065502183735
51.027776,-115.077809,1398.7,3.488537117903963
51.027757,-115.07786,1399.1,3.4930676855895526
51.027722,-115.07796,1399.6,3.497598253275142
51.027694,-115.078013,1399.9,3.5021288209607317
51.027661,-115.078081,1400.1,3.5066593886463213
51.027645,-115.078108,1400.2,3.511189956331911
51.027615,-115.078192,1400.4,3.5157205240175005
51.027602,-115.078246,1400.4,3.52025109170309
51.027586,-115.078265,1400.5,3.5247816593886796
51.027532,-115.078334,1400.4,3.529312227074269
51.02752,-115.078364,1400.4,3.5338427947598587
51.027484,-115.07843,1400.3,3.5383733624454483
51.02744,-115.078476,1400.2,3.542903930131038
51.027395,-115.078538,1400.1,3.5474344978166275
51.027371,-115.078558,1400.0,3.551965065502217
51.027317,-115.078623,1399.7,3.5564956331878066
51.027285,-115.078666,1399.5,3.561026200873396
51.027258,-115.078674,1399.3,3.5655567685589857
51.027234,-115.078702,1399.1,3.5700873362445753
51.027222,-115.078731,1398.9,3.574617903930165
51.0272,-115.078781,1398.6,3.5791484716157544
51.027182,-115.078811,1398.4,3.583679039301344
51.027144,-115.078849,1398.0,3.5882096069869336
51.027098,-115.078903,1397.5,3.592740174672523
51.027081,-115.078921,1397.3,3.5972707423581127
51.027057,-115.078945,1397.1,3.6018013100437023
51.027024,-115.078987,1396.7,3.606331877729292
51.026993,-115.079044,1396.4,3.6108624454148814
51.026963,-115.079096,1396.0,3.615393013100471
51.026924,-115.079157,1395.6,3.6199235807860606
51.026891,-115.079193,1395.4,3.62445414847165
51.026874,-115.07921,1395.3,3.6289847161572397
51.026795,-115.079295,1394.9,3.6335152838428293
51.026779,-115.079299,1394.8,3.638045851528419
51.026716,-115.079343,1394.7,3.6425764192140084
51.026688,-115.079394,1394.6,3.647106986899598
51.02664,-115.079462,1394.6,3.6516375545851876
51.026604,-115.079493,1394.7,3.656168122270777
51.026573,-115.079506,1394.7,3.6606986899563667
51.026458,-115.079599,1395.0,3.6652292576419563
51.026433,-115.079614,1395.1,3.669759825327546
51.026402,-115.079635,1395.1,3.6742903930131354
51.026352,-115.079661,1395.3,3.678820960698725
51.026297,-115.079681,1395.4,3.6833515283843146
51.026265,-115.079713,1395.5,3.687882096069904
51.026246,-115.079734,1395.5,3.6924126637554937
51.026217,-115.079768,1395.5,3.6969432314410833
51.026198,-115.079782,1395.6,3.701473799126673
51.026149,-115.079812,1395.6,3.7060043668122624
51.026077,-115.079822,1395.7,3.710534934497852
51.026056,-115.079816,1395.7,3.7150655021834416
51.02604,-115.079858,1395.7,3.719596069869031
51.026003,-115.079882,1395.7,3.7241266375546207
51.02593,-115.079879,1395.7,3.7286572052402103
51.025884,-115.079875,1395.7,3.7331877729258
51.025851,-115.079886,1395.7,3.7377183406113894
51.025822,-115.079896,1395.7,3.742248908296979
51.025774,-115.079904,1395.7,3.7467794759825686
51.025749,-115.079915,1395.7,3.751310043668158
51.02571,-115.079935,1395.7,3.7558406113537477
51.025682,-115.07994,1395.7,3.7603711790393373
51.025643,-115.079949,1395.7,3.764901746724927
51.025607,-115.079956,1395.7,3.7694323144105164
51.025586,-115.079973,1395.8,3.773962882096106
51.025546,-115.079986,1395.8,3.7784934497816955
51.02553,-115.079992,1395.8,3.783024017467285
51.0255,-115.080017,1395.9,3.7875545851528747
51.025476,-115.080042,1395.9,3.7920851528384643
51.025399,-115.080057,1396.0,3.796615720524054
51.025328,-115.080059,1396.0,3.8011462882096434
51.025277,-115.08006,1396.0,3.805676855895233
51.025235,-115.080076,1396.0,3.8102074235808225
51.025219,-115.080096,1395.9,3.814737991266412
51.025199,-115.080119,1395.9,3.8192685589520017
51.025201,-115.08012,1395.9,3.8237991266375913
51.025129,-115.080204,1395.8,3.828329694323181
51.025104,-115.080228,1395.8,3.8328602620087704
51.02508,-115.080246,1395.8,3.83739082969436
51.025038,-115.080252,1395.8,3.8419213973799495
51.025017,-115.080277,1395.9,3.846451965065539
51.024976,-115.080324,1396.0,3.8509825327511287
51.024956,-115.080351,1396.0,3.8555131004367182
51.024863,-115.080475,1395.7,3.860043668122308
51.024814,-115.080535,1395.3,3.8645742358078974
51.024772,-115.080612,1395.0,3.869104803493487
51.024756,-115.08063,1394.8,3.8736353711790765
51.02474,-115.080634,1394.8,3.878165938864666
51.024683,-115.080697,1394.4,3.8826965065502557
51.024652,-115.08074,1394.2,3.8872270742358452
51.024635,-115.08076,1394.0,3.891757641921435
51.024597,-115.080785,1393.8,3.8962882096070244
51.024559,-115.080853,1393.5,3.900818777292614
51.024552,-115.080888,1393.4,3.9053493449782035
51.024529,-115.080962,1393.0,3.909879912663793
51.024491,-115.081039,1392.5,3.9144104803493827
51.024471,-115.081069,1392.3,3.9189410480349722
51.024437,-115.081099,1392.0,3.923471615720562
51.024406,-115.081142,1391.6,3.9280021834061514
51.024388,-115.081167,1391.4,3.932532751091741
51.024364,-115.081218,1391.0,3.9370633187773305
51.024326,-115.081311,1390.5,3.94159388646292
51.024317,-115.081345,1390.3,3.9461244541485097
51.024283,-115.081435,1390.0,3.9506550218340992
51.02427,-115.081463,1389.9,3.955185589519689
51.024257,-115.081497,1389.8,3.9597161572052784
51.024219,-115.081599,1389.7,3.964246724890868
51.024206,-115.081624,1389.6,3.9687772925764575
51.024173,-115.081686,1389.6,3.973307860262047
51.024143,-115.08174,1389.7,3.9778384279476366
51.024129,-115.081808,1389.8,3.982368995633226
51.024124,-115.081819,1389.8,3.986899563318816
51.024089,-115.08193,1390.0,3.9914301310044054
51.024059,-115.081927,1390.1,3.995960698689995
51.024023,-115.081966,1390.3,4.000491266375584
51.023977,-115.081951,1390.5,4.005021834061173
51.023954,-115.081833,1389.6,4.009552401746762
51.023875,-115.081616,1385.9,4.014082969432351
51.023864,-115.081588,1385.4,4.018613537117941
51.023836,-115.081571,1384.9,4.02314410480353
51.023798,-115.081547,1384.9,4.027674672489119
51.023701,-115.081548,1384.9,4.032205240174708
51.023634,-115.081511,1384.6,4.036735807860297
51.023631,-115.081494,1384.6,4.041266375545886
51.023608,-115.08138,1383.8,4.045796943231475
51.023588,-115.081337,1383.8,4.0503275109170644
51.023579,-115.081321,1383.8,4.054858078602654
51.023559,-115.081265,1383.9,4.059388646288243
51.023547,-115.0812,1384.0,4.063919213973832
51.023548,-115.081166,1384.0,4.068449781659421
51.023519,-115.081092,1384.0,4.07298034934501
51.023509,-115.081048,1384.0,4.077510917030599
51.023493,-115.080978,1384.0,4.082041484716188
51.023482,-115.080965,1384.1,4.0865720524017775
51.023481,-115.080869,1384.1,4.091102620087367
51.023491,-115.08079,1384.1,4.095633187772956
51.023492,-115.080754,1384.1,4.100163755458545
51.023504,-115.080638,1384.1,4.104694323144134
51.023495,-115.080578,1384.1,4.109224890829723
51.023481,-115.080566,1384.1,4.113755458515312
51.023446,-115.080531,1384.1,4.118286026200901
51.023434,-115.080486,1384.1,4.1228165938864905
51.023431,-115.08048,1384.1,4.12734716157208
51.023431,-115.08048,1384.2,4.131877729257669
51.023415,-115.08049,1384.2,4.136408296943258
51.023401,-115.080507,1384.2,4.140938864628847
51.0234,-115.08052,1384.2,4.145469432314436
51.023359,-115.080543,1384.3,4.150000000000025
51.023359,-115.080543,1384.4,4.154530567685614
51.023359,-115.080543,1384.4,4.1590611353712035
51.023359,-115.080543,1384.4,4.163591703056793
51.023389,-115.080668,1384.4,4.168122270742382
51.02349,-115.080807,1384.3,4.172652838427971
51.02351,-115.080837,1384.3,4.17718340611356
51.023551,-115.080925,1384.3,4.181713973799149
51.023573,-115.080984,1384.3,4.186244541484738
51.023579,-115.081028,1384.4,4.190775109170327
51.023602,-115.081129,1384.4,4.1953056768559165
51.023661,-115.081183,1384.4,4.199836244541506
51.023683,-115.0811,1384.4,4.204366812227095
51.023725,-115.081147,1384.4,4.208897379912684
51.023751,-115.081185,1384.4,4.213427947598273
51.023779,-115.081227,1384.4,4.217958515283862
51.023803,-115.081256,1384.3,4.222489082969451
51.023854,-115.081278,1384.5,4.22701965065504
51.023883,-115.081308,1384.8,4.2315502183406295
51.023916,-115.081363,1385.1,4.236080786026219
51.023948,-115.081442,1385.5,4.240611353711808
51.023947,-115.081501,1386.0,4.245141921397397
51.023941,-115.081564,1386.4,4.249672489082986
51.023951,-115.0816,1386.9,4.254203056768575
51.023984,-115.081618,1387.8,4.258733624454164
51.024028,-115.081626,1388.6,4.263264192139753
51.024083,-115.081675,1389.5,4.2677947598253425
51.024117,-115.081701,1389.8,4.272325327510932
51.024129,-115.081704,1389.8,4.276855895196521
51.024179,-115.08166,1389.7,4.28138646288211
51.024205,-115.08163,1389.6,4.285917030567699
51.02425,-115.081586,1389.7,4.290447598253288
51.024275,-115.081519,1389.8,4.294978165938877
51.024291,-115.081484,1389.8,4.299508733624466
51.024323,-115.081416,1390.0,4.3040393013100555
51.024352,-115.081349,1390.3,4.308569868995645
51.02436,-115.081305,1390.5,4.313100436681234
51.024391,-115.081248,1390.9,4.317631004366823
51.024399,-115.081228,1391.0,4.322161572052412
51.024425,-115.081163,1391.5,4.326692139738001
51.024459,-115.081079,1392.0,4.33122270742359
51.024483,-115.081067,1392.3,4.335753275109179
51.024508,-115.081034,1392.6,4.3402838427947685
51.024522,-115.081015,1392.7,4.344814410480358
51.024565,-115.080948,1393.2,4.349344978165947
51.02458,-115.080903,1393.4,4.353875545851536
51.024608,-115.080847,1393.7,4.358406113537125
51.024632,-115.080804,1393.9,4.362936681222714
51.024639,-115.080783,1394.0,4.367467248908303
51.024682,-115.080713,1394.3,4.371997816593892
51.024706,-115.08069,1394.4,4.3765283842794815
51.02473,-115.080617,1394.7,4.381058951965071
51.024759,-115.080584,1395.0,4.38558951965066
51.024809,-115.080505,1395.4,4.390120087336249
51.02484,-115.080475,1395.6,4.394650655021838
51.024856,-115.080449,1395.8,4.399181222707427
51.024879,-115.080396,1396.1,4.403711790393016
51.02491,-115.080349,1396.1,4.408242358078605
51.02494,-115.080257,1396.0,4.4127729257641946
51.024965,-115.080231,1395.9,4.417303493449784
51.025025,-115.080193,1395.8,4.421834061135373
51.025048,-115.080187,1395.8,4.426364628820962
51.025099,-115.080184,1395.8,4.430895196506551
51.025165,-115.080145,1395.9,4.43542576419214
51.02519,-115.080124,1395.9,4.439956331877729
51.025229,-115.080088,1396.0,4.444486899563318
51.025258,-115.080074,1396.0,4.449017467248908
51.025301,-115.080059,1396.0,4.453548034934497
51.025329,-115.080055,1396.0,4.458078602620086
51.025357,-115.080046,1396.0,4.462609170305675
51.025409,-115.079996,1396.0,4.467139737991264
51.025446,-115.079978,1395.9,4.471670305676853
51.025466,-115.07998,1395.9,4.476200873362442
51.025513,-115.079975,1395.8,4.4807314410480314
51.02554,-115.079978,1395.8,4.485262008733621
51.025603,-115.079957,1395.7,4.48979257641921
51.025622,-115.079937,1395.7,4.494323144104799
51.025693,-115.079877,1395.7,4.498853711790388
51.025747,-115.079837,1395.7,4.503384279475977
51.025772,-115.079818,1395.7,4.507914847161566
51.025834,-115.079806,1395.7,4.512445414847155
51.025853,-115.0798,1395.7,4.5169759825327445
51.025888,-115.079795,1395.7,4.521506550218334
51.025951,-115.079764,1395.7,4.526037117903923
51.025997,-115.079752,1395.7,4.530567685589512
51.026008,-115.079756,1395.7,4.535098253275101
51.026055,-115.079723,1395.7,4.53962882096069
51.026073,-115.079724,1395.7,4.544159388646279
51.026133,-115.0797,1395.6,4.548689956331868
51.026164,-115.079686,1395.6,4.5532205240174575
51.026185,-115.079662,1395.5,4.557751091703047
51.026215,-115.079643,1395.5,4.562281659388636
51.026269,-115.079617,1395.4,4.566812227074225
51.026305,-115.0796,1395.3,4.571342794759814
51.02632,-115.079601,1395.2,4.575873362445403
51.026384,-115.079571,1395.1,4.580403930130992
51.026416,-115.079555,1395.0,4.584934497816581
51.026433,-115.07955,1395.0,4.5894650655021705
51.026509,-115.079502,1394.8,4.59399563318776
51.026539,-115.079493,1394.7,4.598526200873349
51.026576,-115.079476,1394.7,4.603056768558938
51.026598,-115.07947,1394.6,4.607587336244527
51.026623,-115.079456,1394.6,4.612117903930116
51.026661,-115.079424,1394.6,4.616648471615705
51.026695,-115.079369,1394.7,4.621179039301294
51.026744,-115.079306,1394.8,4.6257096069868835
51.026789,-115.079242,1395.0,4.630240174672473
51.026803,-115.079219,1395.1,4.634770742358062
51.026829,-115.079162,1395.3,4.639301310043651
51.026835,-115.079154,1395.4,4.64383187772924
51.026881,-115.079087,1395.8,4.648362445414829
51.026907,-115.07906,1396.0,4.652893013100418
51.026957,-115.078999,1396.5,4.657423580786007
51.026994,-115.078961,1396.8,4.6619541484715965
51.027043,-115.078884,1397.5,4.666484716157186
51.027061,-115.07885,1397.7,4.671015283842775
51.027086,-115.078812,1398.0,4.675545851528364
51.027123,-115.078756,1398.5,4.680076419213953
51.027167,-115.078691,1399.0,4.684606986899542
51.027202,-115.078637,1399.3,4.689137554585131
51.027219,-115.078617,1399.4,4.69366812227072
51.027276,-115.078567,1399.8,4.6981986899563095
51.027307,-115.078548,1399.9,4.702729257641899
51.027341,-115.078501,1400.1,4.707259825327488
51.027358,-115.078497,1400.1,4.711790393013077
51.027411,-115.078429,1400.3,4.716320960698666
51.027432,-115.078399,1400.4,4.720851528384255
51.027453,-115.078364,1400.4,4.725382096069844
51.027488,-115.078314,1400.5,4.729912663755433
51.02751,-115.078287,1400.5,4.7344432314410225
51.027547,-115.078258,1400.4,4.738973799126612
51.027563,-115.078218,1400.4,4.743504366812201
51.027573,-115.078198,1400.4,4.74803493449779
51.027614,-115.078122,1400.2,4.752565502183379
51.027648,-115.078077,1400.0,4.757096069868968
51.027665,-115.078055,1399.9,4.761626637554557
51.027676,-115.078,1399.7,4.766157205240146
51.027696,-115.077948,1399.4,4.7706877729257355
51.027709,-115.077911,1399.2,4.775218340611325
51.027719,-115.077858,1398.9,4.779748908296914
51.027728,-115.07782,1398.7,4.784279475982503
51.027732,-115.077767,1398.3,4.788810043668092
51.027738,-115.077733,1398.1,4.793340611353681
51.027741,-115.077691,1397.7,4.79787117903927
51.027755,-115.077586,1396.8,4.802401746724859
51.027771,-115.077542,1396.3,4.8069323144104485
51.027773,-115.077511,1396.0,4.811462882096038
51.02777,-115.07746,1395.5,4.815993449781627
51.027766,-115.077373,1394.6,4.820524017467216
51.027767,-115.077335,1394.1,4.825054585152805
51.027765,-115.077288,1393.6,4.829585152838394
51.027781,-115.07724,1393.0,4.834115720523983
51.027794,-115.077159,1392.1,4.838646288209572
51.027812,-115.077057,1390.9,4.843176855895162
51.02782,-115.077013,1390.4,4.847707423580751
51.027855,-115.076927,1389.3,4.85223799126634
51.027874,-115.076884,1388.9,4.856768558951929
51.027887,-115.076858,1388.6,4.861299126637518
51.027909,-115.076818,1388.3,4.865829694323107
51.027943,-115.07674,1387.7,4.870360262008696
51.027966,-115.076667,1387.3,4.874890829694285
51.027979,-115.076634,1387.2,4.879421397379875
51.028002,-115.07658,1387.0,4.883951965065464
51.028025,-115.07653,1386.8,4.888482532751053
51.028048,-115.076499,1386.7,4.893013100436642
51.028089,-115.076451,1386.6,4.897543668122231
51.028108,-115.076441,1386.6,4.90207423580782
51.028142,-115.076375,1386.6,4.906604803493409
51.028176,-115.076302,1386.6,4.9111353711789985
51.02821,-115.076216,1386.7,4.915665938864588
51.028234,-115.076136,1386.8,4.920196506550177
51.028246,-115.076102,1386.8,4.924727074235766
51.028257,-115.076034,1386.9,4.929257641921355
51.028275,-115.075995,1387.0,4.933788209606944
51.028292,-115.075965,1387.1,4.938318777292533
51.028323,-115.07586,1387.2,4.942849344978122
51.02834,-115.075809,1387.3,4.9473799126637115
51.028348,-115.075797,1387.3,4.951910480349301
51.028371,-115.075746,1387.4,4.95644104803489
51.028371,-115.075658,1387.5,4.960971615720479
51.028409,-115.075537,1387.6,4.965502183406068
51.028406,-115.075484,1387.6,4.970032751091657
51.028407,-115.075416,1387.6,4.974563318777246
51.02841,-115.075385,1387.6,4.979093886462835
51.028419,-115.075326,1387.5,4.9836244541484245
51.02842,-115.075296,1387.5,4.988155021834014
51.02844,-115.075202,1387.4,4.992685589519603
51.028451,-115.075148,1387.4,4.997216157205192
51.028463,-115.075117,1387.3,5.001746724890781
51.028475,-115.075022,1387.3,5.00627729257637
51.02847,-115.074984,1387.3,5.010807860261959
51.028469,-115.074943,1387.3,5.015338427947548
51.028489,-115.074867,1387.3,5.0198689956331375
51.028511,-115.074789,1387.3,5.024399563318727
51.028518,-115.074745,1387.3,5.028930131004316
51.028525,-115.074717,1387.3,5.033460698689905
51.028561,-115.074646,1387.3,5.037991266375494
51.028587,-115.074582,1387.4,5.042521834061083
51.028628,-115.074509,1387.5,5.047052401746672
51.028676,-115.07445,1387.7,5.051582969432261
51.028692,-115.074426,1387.7,5.0561135371178505
51.028709,-115.074393,1387.8,5.06064410480344
51.028763,-115.07433,1388.0,5.065174672489029
51.028782,-115.074315,1388.1,5.069705240174618
51.028816,-115.074283,1388.1,5.074235807860207
51.028848,-115.074262,1388.2,5.078766375545796
51.028863,-115.074237,1388.2,5.083296943231385
51.0289,-115.074184,1388.2,5.087827510916974
51.028944,-115.074154,1388.2,5.0923580786025635
51.028993,-115.074064,1388.2,5.096888646288153
51.02902,-115.074007,1388.2,5.101419213973742
51.029035,-115.073972,1388.1,5.105949781659331
51.029054,-115.073865,1388.1,5.11048034934492
51.029062,-115.073836,1388.1,5.115010917030509
51.029077,-115.073746,1388.1,5.119541484716098
51.029075,-115.073695,1388.1,5.124072052401687
51.029083,-115.07364,1388.0,5.1286026200872765
51.029092,-115.073588,1388.0,5.133133187772866
51.029104,-115.07355,1388.0,5.137663755458455
51.029121,-115.073479,1388.0,5.142194323144044
51.029152,-115.073412,1388.0,5.146724890829633
51.029185,-115.073315,1388.0,5.151255458515222
51.029187,-115.073283,1388.0,5.155786026200811
51.029227,-115.073189,1388.1,5.1603165938864
51.029239,-115.073165,1388.1,5.1648471615719895
51.029261,-115.073123,1388.2,5.169377729257579
51.029272,-115.073106,1388.3,5.173908296943168
51.02932,-115.073037,1388.5,5.178438864628757
51.029343,-115.072998,1388.6,5.182969432314346
51.029356,-115.072978,1388.7,5.187499999999935
51.029408,-115.072926,1389.0,5.192030567685524
51.029428,-115.072898,1389.2,5.196561135371113
51.029417,-115.072847,1389.3,5.2010917030567025
51.029441,-115.072712,1389.6,5.205622270742292
51.029466,-115.072638,1389.8,5.210152838427881
51.029485,-115.072578,1390.0,5.21468340611347
51.029499,-115.072548,1390.1,5.219213973799059
51.029515,-115.072506,1390.2,5.223744541484648
51.029525,-115.072442,1390.3,5.228275109170237
51.02955,-115.072362,1390.4,5.232805676855826
51.029571,-115.072314,1390.5,5.2373362445414156
51.029588,-115.072284,1390.5,5.241866812227005
51.029618,-115.072212,1390.6,5.246397379912594
51.029662,-115.072165,1390.6,5.250927947598183
51.029689,-115.072061,1390.4,5.255458515283772
51.029692,-115.072044,1390.4,5.259989082969361
51.029714,-115.071967,1390.2,5.26451965065495
51.029724,-115.071909,1390.0,5.269050218340539
51.029737,-115.071874,1389.8,5.273580786026129
51.02976,-115.071823,1389.6,5.278111353711718
51.029766,-115.071788,1389.4,5.282641921397307
51.029769,-115.071746,1389.3,5.287172489082896
51.029789,-115.071655,1388.9,5.291703056768485
51.029817,-115.071568,1388.6,5.296233624454074
51.029839,-115.071541,1388.4,5.300764192139663
51.029872,-115.07147,1388.2,5.3052947598252524
51.029878,-115.071435,1388.1,5.309825327510842
51.029913,-115.071341,1388.0,5.314355895196431
51.02993,-115.071311,1388.0,5.31888646288202
51.029947,-115.071263,1387.9,5.323417030567609
51.029953,-115.071234,1387.9,5.327947598253198
51.02998,-115.071161,1387.8,5.332478165938787
51.029996,-115.071114,1387.8,5.337008733624376
51.030003,-115.07108,1387.8,5.3415393013099655
51.030033,-115.071002,1387.7,5.346069868995555
51.030042,-115.070973,1387.7,5.350600436681144
51.030057,-115.070927,1387.7,5.355131004366733
51.030064,-115.070891,1387.8,5.359661572052322
51.030083,-115.07083,1387.8,5.364192139737911
51.030116,-115.070739,1387.9,5.3687227074235
51.030122,-115.070715,1387.9,5.373253275109089
51.030149,-115.070632,1388.0,5.3777838427946785
51.03018,-115.070551,1388.1,5.382314410480268
51.030197,-115.070494,1388.1,5.386844978165857
51.030207,-115.070471,1388.1,5.391375545851446
51.030241,-115.070359,1388.2,5.395906113537035
51.030249,-115.070332,1388.2,5.400436681222624
51.030261,-115.070295,1388.2,5.404967248908213
51.03029,-115.070222,1388.2,5.409497816593802
51.030317,-115.070141,1388.1,5.4140283842793915
51.030329,-115.070117,1388.1,5.418558951964981
51.030352,-115.070068,1388.1,5.42308951965057
51.030369,-115.070011,1388.1,5.427620087336159
51.030373,-115.069984,1388.1,5.432150655021748
51.030403,-115.069895,1388.1,5.436681222707337
51.030411,-115.069856,1388.2,5.441211790392926
51.030455,-115.069782,1388.2,5.445742358078515
51.030465,-115.069768,1388.3,5.4502729257641045
51.030511,-115.069703,1388.4,5.454803493449694
51.030529,-115.069679,1388.4,5.459334061135283
51.030553,-115.069653,1388.5,5.463864628820872
51.030588,-115.069632,1388.5,5.468395196506461
51.030632,-115.069584,1388.5,5.47292576419205
51.030672,-115.069526,1388.3,5.477456331877639
51.030725,-115.069507,1388.0,5.481986899563228
51.030749,-115.069489,1387.7,5.4865174672488175
51.03076,-115.069467,1387.5,5.491048034934407
51.03077,-115.069471,1387.4,5.495578602619996
51.030786,-115.069437,1387.0,5.500109170305585
51.030798,-115.06942,1386.7,5.504639737991174
51.030805,-115.069406,1386.6,5.509170305676763
51.03081,-115.069407,1386.5,5.513700873362352
51.030866,-115.069367,1385.6,5.518231441047941
51.030898,-115.069335,1385.1,5.5227620087335305
51.03092,-115.069298,1384.8,5.52729257641912
51.030948,-115.069233,1384.4,5.531823144104709
51.030951,-115.069207,1384.3,5.536353711790298
51.030983,-115.069131,1384.1,5.540884279475887
51.030997,-115.069094,1384.0,5.545414847161476
51.031019,-115.069042,1383.9,5.549945414847065
51.031034,-115.068996,1383.9,5.554475982532654
51.031043,-115.068935,1383.9,5.5590065502182435
51.03105,-115.068921,1384.0,5.563537117903833
51.03108,-115.068858,1384.0,5.568067685589422
51.031098,-115.068813,1384.1,5.572598253275011
51.031116,-115.068774,1384.1,5.5771288209606
51.031145,-115.068684,1384.1,5.581659388646189
51.031137,-115.068663,1384.1,5.586189956331778
51.031151,-115.068594,1384.0,5.590720524017367
51.031155,-115.068516,1383.8,5.5952510917029565
51.031173,-115.068425,1383.6,5.599781659388546
51.031201,-115.06836,1383.5,5.604312227074135
51.031224,-115.068309,1383.4,5.608842794759724
51.031234,-115.068269,1383.4,5.613373362445313
51.03128,-115.06822,1383.4,5.617903930130902
51.03129,-115.068184,1383.4,5.622434497816491
51.031314,-115.068143,1383.4,5.62696506550208
51.031327,-115.068057,1383.5,5.6314956331876695
51.031332,-115.068022,1383.5,5.636026200873259
51.031323,-115.067972,1383.6,5.640556768558848
51.031322,-115.067939,1383.7,5.645087336244437
51.031351,-115.067872,1384.0,5.649617903930026
51.031362,-115.06782,1384.4,5.654148471615615
51.031377,-115.067781,1384.7,5.658679039301204
51.031423,-115.067776,1385.5,5.663209606986793
51.031433,-115.06778,1385.7,5.667740174672383
51.031443,-115.067765,1385.9,5.672270742357972
51.031474,-115.067758,1386.5,5.676801310043561
51.031512,-115.067756,1387.1,5.68133187772915
51.031553,-115.067718,1387.6,5.685862445414739
51.031588,-115.067667,1387.8,5.690393013100328
51.03163,-115.067595,1387.7,5.694923580785917
51.031658,-115.06757,1387.6,5.699454148471506
51.031669,-115.067551,1387.5,5.703984716157096
51.031679,-115.067489,1387.2,5.708515283842685
51.031668,-115.06742,1386.9,5.713045851528274
51.031643,-115.067347,1386.5,5.717576419213863
51.03167,-115.067279,1386.3,5.722106986899452
51.031682,-115.067264,1386.2,5.726637554585041
51.031707,-115.067226,1386.1,5.73116812227063
51.031726,-115.067174,1386.1,5.7356986899562195
51.031753,-115.067109,1386.3,5.740229257641809
51.031774,-115.067035,1386.8,5.744759825327398
51.031799,-115.066957,1387.5,5.749290393012987
51.031793,-115.066929,1387.8,5.753820960698576
51.031799,-115.066852,1388.5,5.758351528384165
51.03179,-115.066782,1388.9,5.762882096069754
51.03179,-115.066748,1389.1,5.767412663755343
51.031748,-115.066648,1389.4,5.7719432314409325
51.031738,-115.06661,1389.4,5.776473799126522
51.031724,-115.066566,1389.4,5.781004366812111
51.031713,-115.066478,1389.2,5.7855349344977
51.031682,-115.066424,1389.0,5.790065502183289
51.031649,-115.06631,1388.7,5.794596069868878
51.031638,-115.066261,1388.6,5.799126637554467
51.031649,-115.066201,1388.5,5.803657205240056
51.031656,-115.066178,1388.5,5.8081877729256455
51.031657,-115.066163,1388.4,5.812718340611235
51.031627,-115.066164,1388.4,5.817248908296824
51.031691,-115.066048,1388.3,5.821779475982413
51.031705,-115.065988,1388.4,5.826310043668002
51.031714,-115.06595,1388.4,5.830840611353591
51.031739,-115.065908,1388.4,5.83537117903918
51.031752,-115.065868,1388.4,5.839901746724769
51.031777,-115.065825,1388.5,5.8444323144103585
51.031776,-115.065803,1388.5,5.848962882095948
51.03181,-115.065714,1388.6,5.853493449781537
51.031849,-115.065646,1388.7,5.858024017467126
51.031882,-115.065576,1388.8,5.862554585152715
51.031906,-115.065507,1388.9,5.867085152838304
51.031938,-115.065407,1389.1,5.871615720523893
51.031947,-115.065371,1389.1,5.876146288209482
51.031955,-115.065317,1389.2,5.8806768558950715
51.031964,-115.065263,1389.2,5.885207423580661
51.031975,-115.065236,1389.3,5.88973799126625
51.032008,-115.065173,1389.4,5.894268558951839
51.032028,-115.0651,1389.5,5.898799126637428
51.032041,-115.06499,1389.5,5.903329694323017
51.03208,-115.064899,1389.6,5.907860262008606
51.032099,-115.064861,1389.6,5.912390829694195
51.032111,-115.064822,1389.6,5.9169213973797845
51.032142,-115.064754,1389.7,5.921451965065374
51.032162,-115.064713,1389.8,5.925982532750963
51.032182,-115.064665,1389.8,5.930513100436552
51.032197,-115.06462,1389.9,5.935043668122141
51.032234,-115.064539,1390.0,5.93957423580773
51.032248,-115.064502,1390.1,5.944104803493319
51.032266,-115.064446,1390.1,5.948635371178908
51.032284,-115.06437,1390.2,5.9531659388644975
51.032295,-115.064344,1390.3,5.957696506550087
51.032345,-115.064246,1390.4,5.962227074235676
51.032348,-115.064217,1390.4,5.966757641921265
51.032357,-115.064169,1390.8,5.971288209606854
51.032371,-115.064128,1391.1,5.975818777292443
51.032375,-115.064087,1391.4,5.980349344978032
51.032391,-115.064016,1391.9,5.984879912663621
51.032404,-115.063957,1392.2,5.9894104803492105
51.032431,-115.063921,1392.5,5.9939410480348
51.032464,-115.06383,1392.9,5.998471615720389
51.032474,-115.063788,1393.1,6.003002183405978
51.032489,-115.063747,1393.3,6.007532751091567
51.032509,-115.063659,1393.5,6.012063318777156
51.032507,-115.063632,1393.6,6.016593886462745
51.032549,-115.063557,1393.8,6.021124454148334
51.032571,-115.063516,1394.0,6.0256550218339235
51.032599,-115.063423,1394.2,6.030185589519513
51.032605,-115.063364,1394.3,6.034716157205102
51.032614,-115.063325,1394.5,6.039246724890691
51.032646,-115.063271,1394.7,6.04377729257628
51.032652,-115.06324,1394.8,6.048307860261869
51.032666,-115.063158,1395.1,6.052838427947458
51.03269,-115.063076,1395.4,6.057368995633047
51.032717,-115.062996,1395.7,6.0618995633186366
51.032729,-115.062972,1395.8,6.066430131004226
51.032748,-115.062889,1396.1,6.070960698689815
51.032768,-115.062836,1396.2,6.075491266375404
51.032796,-115.062752,1396.3,6.080021834060993
51.032818,-115.062701,1396.3,6.084552401746582
51.032829,-115.062675,1396.2,6.089082969432171
51.032844,-115.062618,1396.2,6.09361353711776
51.032855,-115.062592,1396.2,6.09814410480335
51.032875,-115.062519,1396.1,6.102674672488939
51.032891,-115.062474,1396.0,6.107205240174528
51.032921,-115.062376,1396.0,6.111735807860117
51.032933,-115.062327,1395.9,6.116266375545706
51.032968,-115.062242,1395.9,6.120796943231295
51.032984,-115.062208,1395.9,6.125327510916884
51.033007,-115.062145,1395.9,6.1298580786024734
51.033008,-115.062113,1395.8,6.134388646288063
51.033029,-115.062052,1395.8,6.138919213973652
51.033049,-115.062002,1395.8,6.143449781659241
51.033061,-115.061952,1395.7,6.14798034934483
51.033075,-115.06192,1395.6,6.152510917030419
51.033087,-115.061873,1395.5,6.157041484716008
51.033105,-115.061804,1395.4,6.161572052401597
51.03313,-115.061732,1395.1,6.1661026200871865
51.033148,-115.061646,1394.8,6.170633187772776
51.033167,-115.061594,1394.6,6.175163755458365
51.033198,-115.061525,1394.2,6.179694323143954
51.033223,-115.061422,1393.6,6.184224890829543
51.033237,-115.061392,1393.4,6.188755458515132
51.033248,-115.061346,1393.1,6.193286026200721
51.033256,-115.061306,1392.9,6.19781659388631
51.033288,-115.061248,1392.6,6.2023471615718995
51.033295,-115.061227,1392.5,6.206877729257489
51.033316,-115.061143,1392.3,6.211408296943078
51.033358,-115.061063,1392.2,6.215938864628667
51.03339,-115.061011,1392.3,6.220469432314256
51.033415,-115.06097,1392.4,6.224999999999845
51.033425,-115.060958,1392.5,6.229530567685434
51.033438,-115.060881,1392.9,6.234061135371023
51.033452,-115.060837,1393.2,6.2385917030566125
51.033481,-115.060756,1393.8,6.243122270742202
51.033486,-115.060731,1394.0,6.247652838427791
51.033518,-115.060637,1394.8,6.25218340611338
51.033514,-115.060563,1395.3,6.256713973798969
51.033509,-115.060537,1395.4,6.261244541484558
51.03349,-115.060432,1395.7,6.265775109170147
51.033494,-115.060372,1395.7,6.270305676855736
51.033497,-115.060331,1395.6,6.2748362445413255
51.033504,-115.060265,1395.4,6.279366812226915
51.033519,-115.060223,1395.3,6.283897379912504
51.03353,-115.060203,1395.2,6.288427947598093
51.033583,-115.060097,1394.6,6.292958515283682
51.033606,-115.060038,1394.3,6.297489082969271
51.033626,-115.06001,1394.1,6.30201965065486
51.033631,-115.059986,1394.0,6.306550218340449
51.03366,-115.059911,1393.8,6.3110807860260385
51.033666,-115.059883,1393.7,6.315611353711628
51.0337,-115.059788,1393.5,6.320141921397217
51.033709,-115.059756,1393.4,6.324672489082806
51.033732,-115.059699,1393.2,6.329203056768395
51.033762,-115.059623,1393.0,6.333733624453984
51.033805,-115.059539,1392.8,6.338264192139573
51.033815,-115.059502,1392.7,6.342794759825162
51.033838,-115.05944,1392.6,6.3473253275107515
51.033869,-115.059349,1392.3,6.351855895196341
51.033878,-115.05933,1392.3,6.35638646288193
51.033906,-115.059238,1392.1,6.360917030567519
51.033927,-115.05915,1391.9,6.365447598253108
51.033934,-115.05912,1391.9,6.369978165938697
51.033943,-115.059067,1391.8,6.374508733624286
51.03394,-115.059023,1391.7,6.379039301309875
51.033937,-115.058967,1391.7,6.3835698689954645
51.033935,-115.058903,1391.6,6.388100436681054
51.033928,-115.058822,1391.5,6.392631004366643
51.033918,-115.058776,1391.5,6.397161572052232
51.03391,-115.058717,1391.5,6.401692139737821
51.033914,-115.058627,1391.6,6.40622270742341
51.033914,-115.058527,1391.7,6.410753275108999
51.033918,-115.058498,1391.8,6.415283842794588
51.033924,-115.058419,1391.9,6.4198144104801775
51.033951,-115.058355,1391.9,6.424344978165767
51.033972,-115.058319,1391.9,6.428875545851356
51.034007,-115.05824,1391.8,6.433406113536945
51.034062,-115.058246,1391.6,6.437936681222534
51.034079,-115.058245,1391.6,6.442467248908123
51.034128,-115.058238,1391.3,6.446997816593712
51.034162,-115.05823,1391.1,6.451528384279301
51.034183,-115.058235,1391.0,6.4560589519648905
51.034217,-115.058242,1390.7,6.46058951965048
51.034263,-115.058242,1390.4,6.465120087336069
51.034283,-115.058229,1390.2,6.469650655021658
51.034334,-115.058239,1389.9,6.474181222707247
51.034383,-115.058229,1389.6,6.478711790392836
51.034428,-115.058201,1389.3,6.483242358078425
51.034466,-115.058184,1389.1,6.487772925764014
51.034482,-115.058157,1389.0,6.492303493449604
51.034521,-115.058062,1388.9,6.496834061135193
51.034532,-115.05802,1388.8,6.501364628820782
51.034503,-115.05792,1388.9,6.505895196506371
51.0345,-115.05791,1389.0,6.51042576419196
51.034482,-115.057871,1389.1,6.514956331877549
51.034459,-115.057801,1389.4,6.519486899563138
51.034445,-115.057726,1389.8,6.524017467248727
51.034419,-115.057641,1390.4,6.528548034934317
51.034406,-115.05761,1390.7,6.533078602619906
51.034387,-115.057567,1391.1,6.537609170305495
51.034355,-115.057484,1391.9,6.542139737991084
51.034349,-115.057399,1392.6,6.546670305676673
51.034353,-115.057366,1392.9,6.551200873362262
51.03436,-115.057316,1393.4,6.555731441047851
51.03438,-115.057266,1393.9,6.5602620087334405
51.034402,-115.057199,1394.6,6.56479257641903
51.034431,-115.05713,1395.4,6.569323144104619
51.034436,-115.057095,1395.8,6.573853711790208
51.034488,-115.056988,1397.3,6.578384279475797
51.034506,-115.056978,1397.6,6.582914847161386
51.034553,-115.05694,1398.4,6.587445414846975
51.034599,-115.056896,1399.2,6.591975982532564
51.034614,-115.056888,1399.4,6.5965065502181535
51.034648,-115.056855,1399.9,6.601037117903743
51.034685,-115.056818,1400.4,6.605567685589332
51.034743,-115.056767,1401.0,6.610098253274921
51.034788,-115.056735,1401.5,6.61462882096051
51.034805,-115.056717,1401.7,6.619159388646099
51.034864,-115.056719,1402.2,6.623689956331688
51.034916,-115.056687,1402.6,6.628220524017277
51.034956,-115.056681,1402.9,6.6327510917028665
51.034975,-115.056667,1403.0,6.637281659388456
51.035004,-115.056636,1403.3,6.641812227074045
51.035034,-115.0566,1403.5,6.646342794759634
51.035056,-115.056559,1403.7,6.650873362445223
51.035075,-115.056538,1403.9,6.655403930130812
51.035111,-115.056521,1404.1,6.659934497816401
51.03513,-115.056523,1404.2,6.66446506550199
51.035166,-115.056485,1404.3,6.6689956331875795
51.035237,-115.056449,1404.4,6.673526200873169
51.035278,-115.056443,1404.4,6.678056768558758
51.035327,-115.056417,1404.2,6.682587336244347
51.035362,-115.056385,1404.1,6.687117903929936
51.035392,-115.056367,1403.9,6.691648471615525
51.035426,-115.05634,1403.8,6.696179039301114
51.035449,-115.056326,1403.7,6.700709606986703
51.03548,-115.056269,1403.5,6.7052401746722925
51.035502,-115.056242,1403.4,6.709770742357882
51.035527,-115.056213,1403.4,6.714301310043471
51.035544,-115.056199,1403.3,6.71883187772906
51.035572,-115.056142,1403.3,6.723362445414649
51.035619,-115.056084,1403.2,6.727893013100238
51.035648,-115.05603,1403.2,6.732423580785827
51.035677,-115.056004,1403.2,6.736954148471416
51.035719,-115.055936,1403.2,6.7414847161570055
51.035737,-115.055901,1403.1,6.746015283842595
51.035757,-115.055852,1403.1,6.750545851528184
51.035769,-115.055819,1403.0,6.755076419213773
51.035789,-115.055773,1402.9,6.759606986899362
51.035808,-115.055754,1402.9,6.764137554584951
51.03587,-115.05568,1402.6,6.76866812227054
51.035854,-115.055659,1402.5,6.773198689956129
51.035905,-115.05561,1402.2,6.7777292576417185
51.03597,-115.055565,1402.0,6.782259825327308
51.035983,-115.05554,1402.0,6.786790393012897
51.035994,-115.055504,1401.9,6.791320960698486
51.036029,-115.05545,1401.9,6.795851528384075
51.036051,-115.055431,1401.8,6.800382096069664
51.036093,-115.055372,1401.8,6.804912663755253
51.036119,-115.055331,1401.8,6.809443231440842
51.036126,-115.055325,1401.8,6.8139737991264315
51.036182,-115.055291,1401.8,6.818504366812021
51.036192,-115.055248,1401.9,6.82303493449761
51.036242,-115.0552,1402.0,6.827565502183199
51.036279,-115.055138,1402.2,6.832096069868788
51.036324,-115.055088,1402.5,6.836626637554377
51.036362,-115.055039,1402.8,6.841157205239966
51.036402,-115.055002,1403.2,6.845687772925555
51.036465,-115.054971,1403.8,6.8502183406111445
51.036527,-115.054951,1404.3,6.854748908296734
51.036542,-115.05494,1404.5,6.859279475982323
51.036576,-115.054859,1405.0,6.863810043667912
51.036581,-115.054808,1405.2,6.868340611353501
51.036595,-115.054744,1405.4,6.87287117903909
51.036612,-115.054651,1405.6,6.877401746724679
51.036632,-115.054552,1405.6,6.881932314410268
51.036644,-115.054509,1405.5,6.8864628820958576
51.036658,-115.054415,1405.3,6.890993449781447
51.036673,-115.054376,1405.2,6.895524017467036
51.036689,-115.054337,1405.1,6.900054585152625
51.036707,-115.054256,1405.0,6.904585152838214
51.036712,-115.054214,1404.9,6.909115720523803
51.036739,-115.054141,1404.9,6.913646288209392
51.036749,-115.054118,1404.9,6.918176855894981
51.036772,-115.054046,1405.0,6.922707423580571
51.036819,-115.053981,1405.3,6.92723799126616
51.036832,-115.053946,1405.5,6.931768558951749
51.036861,-115.053903,1405.8,6.936299126637338
51.036872,-115.05386,1406.1,6.940829694322927
51.036907,-115.053793,1406.6,6.945360262008516
51.036953,-115.053754,1407.2,6.949890829694105
51.036983,-115.053726,1407.7,6.9544213973796944
51.036995,-115.053682,1408.0,6.958951965065284
51.037028,-115.05362,1408.6,6.963482532750873
51.037045,-115.053562,1409.1,6.968013100436462
51.037003,-115.053503,1409.7,6.972543668122051
51.036986,-115.053483,1410.2,6.97707423580764
51.036942,-115.053439,1409.8,6.981604803493229
51.036912,-115.053416,1409.6,6.986135371178818
51.036849,-115.053389,1408.9,6.9906659388644075
51.036807,-115.053377,1408.3,6.995196506549997
51.036753,-115.053353,1407.5,6.999727074235586
51.036695,-115.05335,1406.7,7.004257641921175
51.036643,-115.053361,1405.9,7.008788209606764
51.03657,-115.053343,1404.8,7.013318777292353
51.036499,-115.053354,1403.8,7.017849344977942
51.036457,-115.053358,1403.3,7.022379912663531
51.036426,-115.053352,1402.8,7.0269104803491205
51.036379,-115.053348,1402.2,7.03144104803471
51.036371,-115.053339,1402.1,7.035971615720299
51.036321,-115.05331,1401.4,7.040502183405888
51.036268,-115.053274,1400.6,7.045032751091477
51.036234,-115.053248,1400.1,7.049563318777066
51.036192,-115.053218,1399.4,7.054093886462655
51.036165,-115.053195,1398.9,7.058624454148244
51.036131,-115.053152,1398.2,7.0631550218338335
51.036087,-115.05309,1397.3,7.067685589519423
51.036045,-115.053045,1396.6,7.072216157205012
51.036021,-115.053032,1396.3,7.076746724890601
51.035996,-115.053022,1396.0,7.08127729257619
51.035975,-115.052982,1395.6,7.085807860261779
51.035943,-115.052948,1395.1,7.090338427947368
51.035919,-115.05293,1394.8,7.094868995632957
51.035894,-115.052905,1394.5,7.0993995633185465
51.035856,-115.052863,1394.1,7.103930131004136
51.03583,-115.052846,1393.8,7.108460698689725
51.03581,-115.052819,1393.6,7.112991266375314
51.035771,-115.052747,1393.2,7.117521834060903
51.03576,-115.052717,1393.1,7.122052401746492
51.035743,-115.052662,1392.8,7.126582969432081
51.035722,-115.052619,1392.6,7.13111353711767
51.035709,-115.052589,1392.5,7.1356441048032595
51.035706,-115.052539,1392.4,7.140174672488849
51.035681,-115.052476,1392.3,7.144705240174438
51.035661,-115.052399,1392.2,7.149235807860027
51.035651,-115.052373,1392.1,7.153766375545616
51.035647,-115.052313,1392.1,7.158296943231205
51.035627,-115.052217,1392.0,7.162827510916794
51.035613,-115.052155,1392.0,7.167358078602383
51.035608,-115.052125,1392.0,7.1718886462879725
51.035598,-115.052079,1392.0,7.176419213973562
51.035596,-115.052041,1392.0,7.180949781659151
51.035581,-115.051943,1392.0,7.18548034934474
51.035586,-115.051899,1392.0,7.190010917030329
51.035593,-115.051816,1392.0,7.194541484715918
51.035581,-115.051719,1392.0,7.199072052401507
51.035578,-115.051662,1391.9,7.203602620087096
51.03556,-115.051546,1391.7,7.2081331877726855
51.035559,-115.05149,1391.7,7.212663755458275
51.035562,-115.05145,1391.6,7.217194323143864
51.03555,-115.051409,1391.5,7.221724890829453
51.035531,-115.051335,1391.4,7.226255458515042
51.035515,-115.051258,1391.2,7.230786026200631
51.035496,-115.051188,1391.1,7.23531659388622
51.03548,-115.051101,1390.9,7.239847161571809
51.035472,-115.051055,1390.8,7.2443777292573985
51.035464,-115.050949,1390.7,7.248908296942988
51.035456,-115.05092,1390.6,7.253438864628577
51.03544,-115.050817,1390.5,7.257969432314166
51.035429,-115.050764,1390.4,7.262499999999755
51.03543,-115.050728,1390.4,7.267030567685344
51.035436,-115.050642,1390.3,7.271561135370933
51.035428,-115.050616,1390.3,7.276091703056522
51.035417,-115.050527,1390.2,7.2806222707421115
51.035419,-115.050467,1390.2,7.285152838427701
51.035419,-115.050437,1390.2,7.28968340611329
51.035407,-115.050327,1390.1,7.294213973798879
51.035399,-115.050282,1390.1,7.298744541484468
51.035402,-115.050235,1390.0,7.303275109170057
51.0354,-115.050211,1390.0,7.307805676855646
51.035397,-115.050132,1389.8,7.312336244541235
51.035382,-115.050052,1389.6,7.316866812226825
51.03539,-115.050019,1389.5,7.321397379912414
51.03539,-115.049973,1389.4,7.325927947598003
51.035375,-115.049888,1389.1,7.330458515283592
51.035372,-115.049823,1388.9,7.334989082969181
51.035363,-115.049794,1388.8,7.33951965065477
51.035356,-115.049739,1388.6,7.344050218340359
51.035358,-115.049708,1388.5,7.348580786025948
51.035344,-115.049602,1388.2,7.353111353711538
51.035322,-115.049544,1388.1,7.357641921397127
51.035302,-115.049499,1388.0,7.362172489082716
51.035282,-115.049467,1387.9,7.366703056768305
51.035259,-115.049413,1387.8,7.371233624453894
51.035243,-115.049375,1387.7,7.375764192139483
51.035222,-115.049361,1387.6,7.380294759825072
51.035177,-115.04932,1387.4,7.3848253275106615
51.035122,-115.04925,1387.2,7.389355895196251
51.035098,-115.049217,1387.1,7.39388646288184
51.035077,-115.049203,1387.1,7.398417030567429
51.035042,-115.049181,1386.9,7.402947598253018
51.035022,-115.049173,1386.9,7.407478165938607
51.034963,-115.049139,1386.6,7.412008733624196
51.034934,-115.049116,1386.5,7.416539301309785
51.034908,-115.049108,1386.4,7.4210698689953745
51.034859,-115.049077,1386.2,7.425600436680964
51.034809,-115.049052,1385.9,7.430131004366553
51.034778,-115.04904,1385.8,7.434661572052142
51.034751,-115.04902,1385.6,7.439192139737731
51.034701,-115.048999,1385.4,7.44372270742332
51.034661,-115.048996,1385.2,7.448253275108909
51.034581,-115.048993,1385.0,7.452783842794498
51.034564,-115.048974,1384.9,7.4573144104800875
51.034515,-115.048948,1384.8,7.461844978165677
51.034489,-115.048932,1384.7,7.466375545851266
51.034426,-115.048898,1384.6,7.470906113536855
51.034393,-115.048882,1384.5,7.475436681222444
51.034368,-115.04886,1384.4,7.479967248908033
51.034344,-115.048826,1384.3,7.484497816593622
51.034288,-115.048796,1384.2,7.489028384279211
51.034241,-115.048731,1384.0,7.4935589519648005
51.034225,-115.048691,1383.9,7.49808951965039
51.034182,-115.048605,1383.7,7.502620087335979
51.034165,-115.048551,1383.6,7.507150655021568
51.034162,-115.048513,1383.5,7.511681222707157
51.034143,-115.048431,1383.3,7.516211790392746
51.034128,-115.048347,1383.0,7.520742358078335
51.034121,-115.048321,1382.9,7.525272925763924
51.034094,-115.048227,1382.6,7.5298034934495135
51.034074,-115.048169,1382.4,7.534334061135103
51.034051,-115.048139,1382.3,7.538864628820692
51.034025,-115.048107,1382.1,7.543395196506281
51.034003,-115.048081,1382.0,7.54792576419187
51.033971,-115.048024,1381.8,7.552456331877459
51.033917,-115.047955,1381.5,7.556986899563048
51.033907,-115.04794,1381.5,7.561517467248637
51.033859,-115.047886,1381.3,7.5660480349342265
51.033845,-115.047853,1381.3,7.570578602619816
51.03382,-115.047792,1381.2,7.575109170305405
51.033783,-115.047774,1381.2,7.579639737990994
51.033736,-115.04774,1381.1,7.584170305676583
51.03371,-115.047721,1381.1,7.588700873362172
51.03366,-115.047659,1381.1,7.593231441047761
51.033647,-115.047627,1381.1,7.59776200873335
51.033632,-115.047599,1381.1,7.6022925764189395
51.033584,-115.047537,1381.0,7.606823144104529
51.033555,-115.04752,1381.0,7.611353711790118
51.033536,-115.047496,1381.0,7.615884279475707
51.033488,-115.047463,1381.0,7.620414847161296
51.033458,-115.047459,1381.0,7.624945414846885
51.033412,-115.047441,1381.0,7.629475982532474
51.033395,-115.047388,1381.0,7.634006550218063
51.033356,-115.047342,1381.1,7.6385371179036525
51.033329,-115.047321,1381.1,7.643067685589242
51.033294,-115.047302,1381.1,7.647598253274831
51.03328,-115.047295,1381.1,7.65212882096042
51.03322,-115.047243,1381.1,7.656659388646009
51.0332,-115.047233,1381.1,7.661189956331598
51.033164,-115.047198,1381.1,7.665720524017187
51.033146,-115.04718,1381.1,7.670251091702776
51.033105,-115.047137,1381.1,7.6747816593883655
51.033077,-115.047121,1381.1,7.679312227073955
51.033024,-115.047101,1381.0,7.683842794759544
51.032997,-115.047081,1381.0,7.688373362445133
51.032967,-115.04706,1381.0,7.692903930130722
51.032918,-115.047039,1381.0,7.697434497816311
51.03287,-115.047,1381.0,7.7019650655019
51.032819,-115.046949,1381.1,7.706495633187489
51.032782,-115.046922,1381.2,7.7110262008730786
51.032766,-115.046898,1381.2,7.715556768558668
51.032733,-115.046859,1381.2,7.720087336244257
51.032703,-115.046848,1381.3,7.724617903929846
51.032661,-115.046801,1381.3,7.729148471615435
51.032644,-115.04679,1381.3,7.733679039301024
51.032608,-115.046714,1381.3,7.738209606986613
51.032588,-115.046663,1381.3,7.742740174672202
51.032568,-115.04662,1381.3,7.747270742357792
51.03254,-115.046566,1381.3,7.751801310043381
51.032514,-115.046458,1381.3,7.75633187772897
51.032503,-115.046426,1381.3,7.760862445414559
51.032507,-115.046369,1381.3,7.765393013100148
51.032492,-115.046286,1381.3,7.769923580785737
51.032488,-115.04624,1381.3,7.774454148471326
51.032486,-115.046154,1381.3,7.7789847161569154
51.032485,-115.04608,1381.2,7.783515283842505
51.03248,-115.046054,1381.2,7.788045851528094
51.03249,-115.045949,1381.2,7.792576419213683
51.032488,-115.045923,1381.1,7.797106986899272
51.032484,-115.045836,1381.1,7.801637554584861
51.032469,-115.045734,1381.1,7.80616812227045
51.032487,-115.045678,1381.1,7.810698689956039
51.032485,-115.045639,1381.1,7.8152292576416285
51.032494,-115.04558,1381.1,7.819759825327218
51.032501,-115.045513,1381.1,7.824290393012807
51.032504,-115.045472,1381.1,7.828820960698396
51.032513,-115.045415,1381.1,7.833351528383985
51.032514,-115.045399,1381.1,7.837882096069574
51.032504,-115.045317,1381.1,7.842412663755163
51.032515,-115.045218,1381.0,7.846943231440752
51.03252,-115.045193,1381.0,7.8514737991263415
51.03252,-115.045115,1381.0,7.856004366811931
51.032537,-115.045018,1381.0,7.86053493449752
51.03255,-115.044962,1381.0,7.865065502183109
51.032553,-115.044925,1381.0,7.869596069868698
51.032561,-115.044867,1381.0,7.874126637554287
51.032575,-115.044781,1381.0,7.878657205239876
51.032589,-115.044719,1381.0,7.883187772925465
51.032603,-115.04469,1381.0,7.8877183406110545
51.032614,-115.044632,1381.0,7.892248908296644
51.032616,-115.044603,1381.0,7.896779475982233
51.032632,-115.044513,1381.0,7.901310043667822
51.032652,-115.044458,1381.0,7.905840611353411
51.032667,-115.044399,1381.0,7.910371179039
51.032696,-115.04433,1381.0,7.914901746724589
51.032701,-115.044296,1381.0,7.919432314410178
51.032712,-115.044251,1381.0,7.9239628820957675
51.032738,-115.044165,1381.0,7.928493449781357
51.032747,-115.04413,1381.1,7.933024017466946
51.032749,-115.044071,1381.1,7.937554585152535
51.032758,-115.044028,1381.1,7.942085152838124
51.032779,-115.043936,1381.1,7.946615720523713
51.032799,-115.043892,1381.2,7.951146288209302
51.032803,-115.043841,1381.2,7.955676855894891
51.032812,-115.043805,1381.2,7.9602074235804805
51.032825,-115.043756,1381.2,7.96473799126607
51.032848,-115.04366,1381.2,7.969268558951659
51.032866,-115.04362,1381.2,7.973799126637248
51.032875,-115.04355,1381.2,7.978329694322837
51.032891,-115.04351,1381.2,7.982860262008426
51.032905,-115.04346,1381.2,7.987390829694015
51.032913,-115.043423,1381.2,7.991921397379604
51.032925,-115.04337,1381.2,7.9964519650651935
51.032937,-115.043328,1381.2,8.000982532750783
51.03295,-115.043289,1381.2,8.005513100436373
51.032975,-115.043198,1381.3,8.010043668121963
51.032993,-115.043119,1381.3,8.014574235807553
51.033006,-115.043041,1381.3,8.019104803493143
51.033015,-115.04293,1381.3,8.023635371178733
51.033039,-115.042846,1381.3,8.028165938864323
51.033048,-115.042806,1381.3,8.032696506549913
51.033066,-115.042766,1381.3,8.037227074235503
51.033071,-115.042668,1381.4,8.041757641921093
51.033083,-115.042626,1381.4,8.046288209606683
51.033101,-115.042581,1381.4,8.050818777292273
51.033111,-115.042545,1381.4,8.055349344977863
51.033141,-115.04246,1381.4,8.059879912663453
51.033154,-115.042383,1381.4,8.064410480349043
51.033158,-115.042345,1381.4,8.068941048034633
51.03316,-115.0423,1381.5,8.073471615720223
51.033183,-115.042206,1381.5,8.078002183405813
51.033205,-115.042156,1381.5,8.082532751091403
51.033214,-115.042115,1381.5,8.087063318776993
51.033224,-115.042064,1381.5,8.091593886462583
51.033222,-115.042018,1381.5,8.096124454148173
51.033222,-115.041962,1381.5,8.100655021833763
51.033227,-115.04194,1381.5,8.105185589519353
51.033243,-115.041824,1381.6,8.109716157204943
51.033255,-115.041784,1381.6,8.114246724890533
51.03326,-115.041746,1381.6,8.118777292576123
51.033257,-115.041651,1381.6,8.123307860261713
51.033258,-115.041603,1381.6,8.127838427947303
51.03327,-115.041553,1381.6,8.132368995632893
51.033265,-115.041506,1381.6,8.136899563318483
51.033254,-115.041456,1381.6,8.141430131004073
51.033251,-115.041401,1381.6,8.145960698689663
51.033256,-115.041334,1381.6,8.150491266375253
51.033256,-115.041258,1381.1,8.155021834060843
51.033278,-115.041251,1380.5,8.159552401746433
51.033302,-115.041171,1379.8,8.164082969432023
51.033333,-115.041036,1379.2,8.168613537117613
51.033346,-115.04098,1379.4,8.173144104803203
51.033346,-115.040892,1379.9,8.177674672488793
51.033341,-115.040798,1380.3,8.182205240174383
51.033342,-115.040755,1380.3,8.186735807859973
51.033355,-115.040704,1379.8,8.191266375545563
51.033364,-115.040604,1380.0,8.195796943231153
51.033374,-115.040555,1380.3,8.200327510916743
51.03337,-115.040517,1380.6,8.204858078602333
51.033368,-115.040461,1380.9,8.209388646287923
51.033359,-115.040438,1381.1,8.213919213973513
51.03332,-115.040355,1382.8,8.218449781659103
51.033308,-115.040317,1382.9,8.222980349344693
51.033319,-115.040271,1383.1,8.227510917030283
51.033304,-115.040172,1383.3,8.232041484715873
51.033305,-115.040149,1383.4,8.236572052401463
51.033309,-115.040067,1383.5,8.241102620087053
51.033315,-115.03996,1383.8,8.245633187772643
51.033322,-115.039895,1384.5,8.250163755458233
51.033323,-115.039839,1384.8,8.254694323143823
51.033323,-115.039802,1385.0,8.259224890829413
51.033334,-115.03972,1384.8,8.263755458515003
51.033358,-115.039602,1384.9,8.268286026200593
51.033357,-115.039568,1385.2,8.272816593886184
51.033383,-115.039481,1385.2,8.277347161571774
51.033392,-115.039416,1385.4,8.281877729257364
51.033398,-115.039381,1385.5,8.286408296942954
51.033409,-115.039329,1385.3,8.290938864628544
51.033432,-115.039251,1385.7,8.295469432314134
51.033433,-115.039226,1385.7,8.299999999999724
51.033433,-115.039226,1385.7,9.559999999999961